APPLICATION	CarMaker 15.1 - Car_Generic #3 (win64-15.1)
COMPILED	jetbrains@16d9601a3450 2026-05-05 10:47:07
 
		I/O Configuration: default
FIRST_INIT	(internal default used)	2026-06-29 17:28:17
TIME	0.000
WARNING		FMU 'CM_ACCController_V17': Debug logging enabled
SIM_END			0s	0m
IDLE	17:28:18
ERROR		FMU 'CM_ACCController_V17', FMUIn.Camera.nObj: No such source quantity 'Sensor.Camera.Vhcl.VehSensor_FCAM.nObj'
ERROR		FMU 'CM_ACCController_V17', FMUIn.Camera.Obj0.ObjID: No such source quantity 'Sensor.Camera.Vhcl.VehSensor_FCAM.Obj.0.ObjID'
ERROR		FMU 'CM_ACCController_V17', FMUIn.Camera.Obj0.Type: No such source quantity 'Sensor.Camera.Vhcl.VehSensor_FCAM.Obj.0.Type'
ERROR		FMU 'CM_ACCController_V17', FMUIn.Camera.Obj0.Confidence: No such source quantity 'Sensor.Camera.Vhcl.VehSensor_FCAM.Obj.0.Confidence'
ERROR		FMU 'CM_ACCController_V17', FMUIn.Camera.Obj0.Facing: No such source quantity 'Sensor.Camera.Vhcl.VehSensor_FCAM.Obj.0.Facing'
ERROR		FMU 'CM_ACCController_V17', FMUIn.Camera.Obj0.MBR.BL_X: No such source quantity 'Sensor.Camera.Vhcl.VehSensor_FCAM.Obj.0.MBR.BL_X'
ERROR		FMU 'CM_ACCController_V17', FMUIn.Camera.Obj0.MBR.BL_Y: No such source quantity 'Sensor.Camera.Vhcl.VehSensor_FCAM.Obj.0.MBR.BL_Y'
ERROR		FMU 'CM_ACCController_V17', FMUIn.Camera.Obj0.MBR.BL_Z: No such source quantity 'Sensor.Camera.Vhcl.VehSensor_FCAM.Obj.0.MBR.BL_Z'
ERROR		FMU 'CM_ACCController_V17', FMUIn.Camera.Obj0.MBR.TR_X: No such source quantity 'Sensor.Camera.Vhcl.VehSensor_FCAM.Obj.0.MBR.TR_X'
ERROR		FMU 'CM_ACCController_V17', FMUIn.Camera.Obj0.MBR.TR_Y: No such source quantity 'Sensor.Camera.Vhcl.VehSensor_FCAM.Obj.0.MBR.TR_Y'
ERROR		FMU 'CM_ACCController_V17', FMUIn.Camera.Obj0.MBR.TR_Z: No such source quantity 'Sensor.Camera.Vhcl.VehSensor_FCAM.Obj.0.MBR.TR_Z'
ERROR		FMU 'CM_ACCController_V17', FMUIn.Camera.Obj1.ObjID: No such source quantity 'Sensor.Camera.Vhcl.VehSensor_FCAM.Obj.1.ObjID'
ERROR		FMU 'CM_ACCController_V17', FMUIn.Camera.Obj1.Type: No such source quantity 'Sensor.Camera.Vhcl.VehSensor_FCAM.Obj.1.Type'
ERROR		FMU 'CM_ACCController_V17', FMUIn.Camera.Obj1.Confidence: No such source quantity 'Sensor.Camera.Vhcl.VehSensor_FCAM.Obj.1.Confidence'
ERROR		FMU 'CM_ACCController_V17', FMUIn.Camera.Obj1.Facing: No such source quantity 'Sensor.Camera.Vhcl.VehSensor_FCAM.Obj.1.Facing'
ERROR		FMU 'CM_ACCController_V17', FMUIn.Camera.Obj1.MBR.BL_X: No such source quantity 'Sensor.Camera.Vhcl.VehSensor_FCAM.Obj.1.MBR.BL_X'
ERROR		FMU 'CM_ACCController_V17', FMUIn.Camera.Obj1.MBR.BL_Y: No such source quantity 'Sensor.Camera.Vhcl.VehSensor_FCAM.Obj.1.MBR.BL_Y'
ERROR		FMU 'CM_ACCController_V17', FMUIn.Camera.Obj1.MBR.BL_Z: No such source quantity 'Sensor.Camera.Vhcl.VehSensor_FCAM.Obj.1.MBR.BL_Z'
ERROR		FMU 'CM_ACCController_V17', FMUIn.Camera.Obj1.MBR.TR_X: No such source quantity 'Sensor.Camera.Vhcl.VehSensor_FCAM.Obj.1.MBR.TR_X'
ERROR		FMU 'CM_ACCController_V17', FMUIn.Camera.Obj1.MBR.TR_Y: No such source quantity 'Sensor.Camera.Vhcl.VehSensor_FCAM.Obj.1.MBR.TR_Y'
ERROR		FMU 'CM_ACCController_V17', FMUIn.Camera.Obj1.MBR.TR_Z: No such source quantity 'Sensor.Camera.Vhcl.VehSensor_FCAM.Obj.1.MBR.TR_Z'
ERROR		FMU 'CM_ACCController_V17', FMUIn.Camera.Obj2.ObjID: No such source quantity 'Sensor.Camera.Vhcl.VehSensor_FCAM.Obj.2.ObjID'
ERROR		FMU 'CM_ACCController_V17', FMUIn.Camera.Obj2.Type: No such source quantity 'Sensor.Camera.Vhcl.VehSensor_FCAM.Obj.2.Type'
ERROR		FMU 'CM_ACCController_V17', FMUIn.Camera.Obj2.Confidence: No such source quantity 'Sensor.Camera.Vhcl.VehSensor_FCAM.Obj.2.Confidence'
ERROR		FMU 'CM_ACCController_V17', FMUIn.Camera.Obj2.Facing: No such source quantity 'Sensor.Camera.Vhcl.VehSensor_FCAM.Obj.2.Facing'
ERROR		FMU 'CM_ACCController_V17', FMUIn.Camera.Obj2.MBR.BL_X: No such source quantity 'Sensor.Camera.Vhcl.VehSensor_FCAM.Obj.2.MBR.BL_X'
ERROR		FMU 'CM_ACCController_V17', FMUIn.Camera.Obj2.MBR.BL_Y: No such source quantity 'Sensor.Camera.Vhcl.VehSensor_FCAM.Obj.2.MBR.BL_Y'
ERROR		FMU 'CM_ACCController_V17', FMUIn.Camera.Obj2.MBR.BL_Z: No such source quantity 'Sensor.Camera.Vhcl.VehSensor_FCAM.Obj.2.MBR.BL_Z'
ERROR		FMU 'CM_ACCController_V17', FMUIn.Camera.Obj2.MBR.TR_X: No such source quantity 'Sensor.Camera.Vhcl.VehSensor_FCAM.Obj.2.MBR.TR_X'
ERROR		FMU 'CM_ACCController_V17', FMUIn.Camera.Obj2.MBR.TR_Y: No such source quantity 'Sensor.Camera.Vhcl.VehSensor_FCAM.Obj.2.MBR.TR_Y'
ERROR		FMU 'CM_ACCController_V17', FMUIn.Camera.Obj2.MBR.TR_Z: No such source quantity 'Sensor.Camera.Vhcl.VehSensor_FCAM.Obj.2.MBR.TR_Z'
ERROR		FMU 'CM_ACCController_V17', FMUIn.Camera.Obj3.ObjID: No such source quantity 'Sensor.Camera.Vhcl.VehSensor_FCAM.Obj.3.ObjID'
ERROR		FMU 'CM_ACCController_V17', FMUIn.Camera.Obj3.Type: No such source quantity 'Sensor.Camera.Vhcl.VehSensor_FCAM.Obj.3.Type'
ERROR		FMU 'CM_ACCController_V17', FMUIn.Camera.Obj3.Confidence: No such source quantity 'Sensor.Camera.Vhcl.VehSensor_FCAM.Obj.3.Confidence'
ERROR		FMU 'CM_ACCController_V17', FMUIn.Camera.Obj3.Facing: No such source quantity 'Sensor.Camera.Vhcl.VehSensor_FCAM.Obj.3.Facing'
ERROR		FMU 'CM_ACCController_V17', FMUIn.Camera.Obj3.MBR.BL_X: No such source quantity 'Sensor.Camera.Vhcl.VehSensor_FCAM.Obj.3.MBR.BL_X'
ERROR		FMU 'CM_ACCController_V17', FMUIn.Camera.Obj3.MBR.BL_Y: No such source quantity 'Sensor.Camera.Vhcl.VehSensor_FCAM.Obj.3.MBR.BL_Y'
ERROR		FMU 'CM_ACCController_V17', FMUIn.Camera.Obj3.MBR.BL_Z: No such source quantity 'Sensor.Camera.Vhcl.VehSensor_FCAM.Obj.3.MBR.BL_Z'
ERROR		FMU 'CM_ACCController_V17', FMUIn.Camera.Obj3.MBR.TR_X: No such source quantity 'Sensor.Camera.Vhcl.VehSensor_FCAM.Obj.3.MBR.TR_X'
ERROR		FMU 'CM_ACCController_V17', FMUIn.Camera.Obj3.MBR.TR_Y: No such source quantity 'Sensor.Camera.Vhcl.VehSensor_FCAM.Obj.3.MBR.TR_Y'
ERROR		FMU 'CM_ACCController_V17', FMUIn.Camera.Obj3.MBR.TR_Z: No such source quantity 'Sensor.Camera.Vhcl.VehSensor_FCAM.Obj.3.MBR.TR_Z'
ERROR		FMU 'CM_ACCController_V17', FMUIn.Camera.Obj4.ObjID: No such source quantity 'Sensor.Camera.Vhcl.VehSensor_FCAM.Obj.4.ObjID'
ERROR		FMU 'CM_ACCController_V17', FMUIn.Camera.Obj4.Type: No such source quantity 'Sensor.Camera.Vhcl.VehSensor_FCAM.Obj.4.Type'
ERROR		FMU 'CM_ACCController_V17', FMUIn.Camera.Obj4.Confidence: No such source quantity 'Sensor.Camera.Vhcl.VehSensor_FCAM.Obj.4.Confidence'
ERROR		FMU 'CM_ACCController_V17', FMUIn.Camera.Obj4.Facing: No such source quantity 'Sensor.Camera.Vhcl.VehSensor_FCAM.Obj.4.Facing'
ERROR		FMU 'CM_ACCController_V17', FMUIn.Camera.Obj4.MBR.BL_X: No such source quantity 'Sensor.Camera.Vhcl.VehSensor_FCAM.Obj.4.MBR.BL_X'
ERROR		FMU 'CM_ACCController_V17', FMUIn.Camera.Obj4.MBR.BL_Y: No such source quantity 'Sensor.Camera.Vhcl.VehSensor_FCAM.Obj.4.MBR.BL_Y'
ERROR		FMU 'CM_ACCController_V17', FMUIn.Camera.Obj4.MBR.BL_Z: No such source quantity 'Sensor.Camera.Vhcl.VehSensor_FCAM.Obj.4.MBR.BL_Z'
ERROR		FMU 'CM_ACCController_V17', FMUIn.Camera.Obj4.MBR.TR_X: No such source quantity 'Sensor.Camera.Vhcl.VehSensor_FCAM.Obj.4.MBR.TR_X'
ERROR		FMU 'CM_ACCController_V17', FMUIn.Camera.Obj4.MBR.TR_Y: No such source quantity 'Sensor.Camera.Vhcl.VehSensor_FCAM.Obj.4.MBR.TR_Y'
ERROR		FMU 'CM_ACCController_V17', FMUIn.Camera.Obj4.MBR.TR_Z: No such source quantity 'Sensor.Camera.Vhcl.VehSensor_FCAM.Obj.4.MBR.TR_Z'
ERROR		FMU 'CM_ACCController_V17', FMUIn.Camera.Obj5.ObjID: No such source quantity 'Sensor.Camera.Vhcl.VehSensor_FCAM.Obj.5.ObjID'
ERROR		FMU 'CM_ACCController_V17', FMUIn.Camera.Obj5.Type: No such source quantity 'Sensor.Camera.Vhcl.VehSensor_FCAM.Obj.5.Type'
ERROR		FMU 'CM_ACCController_V17', FMUIn.Camera.Obj5.Confidence: No such source quantity 'Sensor.Camera.Vhcl.VehSensor_FCAM.Obj.5.Confidence'
ERROR		FMU 'CM_ACCController_V17', FMUIn.Camera.Obj5.Facing: No such source quantity 'Sensor.Camera.Vhcl.VehSensor_FCAM.Obj.5.Facing'
ERROR		FMU 'CM_ACCController_V17', FMUIn.Camera.Obj5.MBR.BL_X: No such source quantity 'Sensor.Camera.Vhcl.VehSensor_FCAM.Obj.5.MBR.BL_X'
ERROR		FMU 'CM_ACCController_V17', FMUIn.Camera.Obj5.MBR.BL_Y: No such source quantity 'Sensor.Camera.Vhcl.VehSensor_FCAM.Obj.5.MBR.BL_Y'
ERROR		FMU 'CM_ACCController_V17', FMUIn.Camera.Obj5.MBR.BL_Z: No such source quantity 'Sensor.Camera.Vhcl.VehSensor_FCAM.Obj.5.MBR.BL_Z'
ERROR		FMU 'CM_ACCController_V17', FMUIn.Camera.Obj5.MBR.TR_X: No such source quantity 'Sensor.Camera.Vhcl.VehSensor_FCAM.Obj.5.MBR.TR_X'
ERROR		FMU 'CM_ACCController_V17', FMUIn.Camera.Obj5.MBR.TR_Y: No such source quantity 'Sensor.Camera.Vhcl.VehSensor_FCAM.Obj.5.MBR.TR_Y'
ERROR		FMU 'CM_ACCController_V17', FMUIn.Camera.Obj5.MBR.TR_Z: No such source quantity 'Sensor.Camera.Vhcl.VehSensor_FCAM.Obj.5.MBR.TR_Z'
ERROR		FMU 'CM_ACCController_V17', FMUIn.Radar.Obj0.MeasStat: No such source quantity 'Sensor.Radar.Vhcl.VehSensor_MRR.Obj0.MeasStat'
ERROR		FMU 'CM_ACCController_V17', FMUIn.Radar.Obj0.ObjID: No such source quantity 'Sensor.Radar.Vhcl.VehSensor_MRR.Obj0.ObjId'
ERROR		FMU 'CM_ACCController_V17', FMUIn.Radar.Obj0.DistX: No such source quantity 'Sensor.Radar.Vhcl.VehSensor_MRR.Obj0.DistX'
ERROR		FMU 'CM_ACCController_V17', FMUIn.Radar.Obj0.DistY: No such source quantity 'Sensor.Radar.Vhcl.VehSensor_MRR.Obj0.DistY'
ERROR		FMU 'CM_ACCController_V17', FMUIn.Radar.Obj0.VrelX: No such source quantity 'Sensor.Radar.Vhcl.VehSensor_MRR.Obj0.VrelX'
ERROR		FMU 'CM_ACCController_V17', FMUIn.Radar.Obj0.ProbExist: No such source quantity 'Sensor.Radar.Vhcl.VehSensor_MRR.Obj0.ProbExist'
ERROR		FMU 'CM_ACCController_V17', FMUIn.Radar.Obj0.DynProp: No such source quantity 'Sensor.Radar.Vhcl.VehSensor_MRR.Obj0.DynProp'
ERROR		FMU 'CM_ACCController_V17', FMUIn.Radar.Obj1.MeasStat: No such source quantity 'Sensor.Radar.Vhcl.VehSensor_MRR.Obj1.MeasStat'
ERROR		FMU 'CM_ACCController_V17', FMUIn.Radar.Obj1.ObjID: No such source quantity 'Sensor.Radar.Vhcl.VehSensor_MRR.Obj1.ObjId'
ERROR		FMU 'CM_ACCController_V17', FMUIn.Radar.Obj1.DistX: No such source quantity 'Sensor.Radar.Vhcl.VehSensor_MRR.Obj1.DistX'
ERROR		FMU 'CM_ACCController_V17', FMUIn.Radar.Obj1.DistY: No such source quantity 'Sensor.Radar.Vhcl.VehSensor_MRR.Obj1.DistY'
ERROR		FMU 'CM_ACCController_V17', FMUIn.Radar.Obj1.VrelX: No such source quantity 'Sensor.Radar.Vhcl.VehSensor_MRR.Obj1.VrelX'
ERROR		FMU 'CM_ACCController_V17', FMUIn.Radar.Obj1.ProbExist: No such source quantity 'Sensor.Radar.Vhcl.VehSensor_MRR.Obj1.ProbExist'
ERROR		FMU 'CM_ACCController_V17', FMUIn.Radar.Obj1.DynProp: No such source quantity 'Sensor.Radar.Vhcl.VehSensor_MRR.Obj1.DynProp'
ERROR		FMU 'CM_ACCController_V17', FMUIn.Radar.Obj2.MeasStat: No such source quantity 'Sensor.Radar.Vhcl.VehSensor_MRR.Obj2.MeasStat'
ERROR		FMU 'CM_ACCController_V17', FMUIn.Radar.Obj2.ObjID: No such source quantity 'Sensor.Radar.Vhcl.VehSensor_MRR.Obj2.ObjId'
ERROR		FMU 'CM_ACCController_V17', FMUIn.Radar.Obj2.DistX: No such source quantity 'Sensor.Radar.Vhcl.VehSensor_MRR.Obj2.DistX'
ERROR		FMU 'CM_ACCController_V17', FMUIn.Radar.Obj2.DistY: No such source quantity 'Sensor.Radar.Vhcl.VehSensor_MRR.Obj2.DistY'
ERROR		FMU 'CM_ACCController_V17', FMUIn.Radar.Obj2.VrelX: No such source quantity 'Sensor.Radar.Vhcl.VehSensor_MRR.Obj2.VrelX'
ERROR		FMU 'CM_ACCController_V17', FMUIn.Radar.Obj2.ProbExist: No such source quantity 'Sensor.Radar.Vhcl.VehSensor_MRR.Obj2.ProbExist'
ERROR		FMU 'CM_ACCController_V17', FMUIn.Radar.Obj2.DynProp: No such source quantity 'Sensor.Radar.Vhcl.VehSensor_MRR.Obj2.DynProp'
ERROR		FMU 'CM_ACCController_V17', FMUIn.Radar.Obj3.MeasStat: No such source quantity 'Sensor.Radar.Vhcl.VehSensor_MRR.Obj3.MeasStat'
ERROR		FMU 'CM_ACCController_V17', FMUIn.Radar.Obj3.ObjID: No such source quantity 'Sensor.Radar.Vhcl.VehSensor_MRR.Obj3.ObjId'
ERROR		FMU 'CM_ACCController_V17', FMUIn.Radar.Obj3.DistX: No such source quantity 'Sensor.Radar.Vhcl.VehSensor_MRR.Obj3.DistX'
ERROR		FMU 'CM_ACCController_V17', FMUIn.Radar.Obj3.DistY: No such source quantity 'Sensor.Radar.Vhcl.VehSensor_MRR.Obj3.DistY'
ERROR		FMU 'CM_ACCController_V17', FMUIn.Radar.Obj3.VrelX: No such source quantity 'Sensor.Radar.Vhcl.VehSensor_MRR.Obj3.VrelX'
ERROR		FMU 'CM_ACCController_V17', FMUIn.Radar.Obj3.ProbExist: No such source quantity 'Sensor.Radar.Vhcl.VehSensor_MRR.Obj3.ProbExist'
ERROR		FMU 'CM_ACCController_V17', FMUIn.Radar.Obj3.DynProp: No such source quantity 'Sensor.Radar.Vhcl.VehSensor_MRR.Obj3.DynProp'
ERROR		FMU 'CM_ACCController_V17', FMUIn.Radar.Obj4.MeasStat: No such source quantity 'Sensor.Radar.Vhcl.VehSensor_MRR.Obj4.MeasStat'
ERROR		FMU 'CM_ACCController_V17', FMUIn.Radar.Obj4.ObjID: No such source quantity 'Sensor.Radar.Vhcl.VehSensor_MRR.Obj4.ObjId'
ERROR		FMU 'CM_ACCController_V17', FMUIn.Radar.Obj4.DistX: No such source quantity 'Sensor.Radar.Vhcl.VehSensor_MRR.Obj4.DistX'
ERROR		FMU 'CM_ACCController_V17', FMUIn.Radar.Obj4.DistY: No such source quantity 'Sensor.Radar.Vhcl.VehSensor_MRR.Obj4.DistY'
ERROR		FMU 'CM_ACCController_V17', FMUIn.Radar.Obj4.VrelX: No such source quantity 'Sensor.Radar.Vhcl.VehSensor_MRR.Obj4.VrelX'
ERROR		FMU 'CM_ACCController_V17', FMUIn.Radar.Obj4.ProbExist: No such source quantity 'Sensor.Radar.Vhcl.VehSensor_MRR.Obj4.ProbExist'
ERROR		FMU 'CM_ACCController_V17', FMUIn.Radar.Obj4.DynProp: No such source quantity 'Sensor.Radar.Vhcl.VehSensor_MRR.Obj4.DynProp'
ERROR		FMU 'CM_ACCController_V17', FMUIn.Radar.Obj5.MeasStat: No such source quantity 'Sensor.Radar.Vhcl.VehSensor_MRR.Obj5.MeasStat'
ERROR		FMU 'CM_ACCController_V17', FMUIn.Radar.Obj5.ObjID: No such source quantity 'Sensor.Radar.Vhcl.VehSensor_MRR.Obj5.ObjId'
ERROR		FMU 'CM_ACCController_V17', FMUIn.Radar.Obj5.DistX: No such source quantity 'Sensor.Radar.Vhcl.VehSensor_MRR.Obj5.DistX'
ERROR		FMU 'CM_ACCController_V17', FMUIn.Radar.Obj5.DistY: No such source quantity 'Sensor.Radar.Vhcl.VehSensor_MRR.Obj5.DistY'
ERROR		FMU 'CM_ACCController_V17', FMUIn.Radar.Obj5.VrelX: No such source quantity 'Sensor.Radar.Vhcl.VehSensor_MRR.Obj5.VrelX'
ERROR		FMU 'CM_ACCController_V17', FMUIn.Radar.Obj5.ProbExist: No such source quantity 'Sensor.Radar.Vhcl.VehSensor_MRR.Obj5.ProbExist'
ERROR		FMU 'CM_ACCController_V17', FMUIn.Radar.Obj5.DynProp: No such source quantity 'Sensor.Radar.Vhcl.VehSensor_MRR.Obj5.DynProp'
ERROR		FMU 'CM_ACCController_V17', DDict.AccelCtrl.ACC.DesiredAx: No such destination quantity
ERROR		FMU 'CM_ACCController_V17', DDict.AccelCtrl.ACC.DesiredDist: No such destination quantity
ERROR		FMU 'CM_ACCController_V17', DDict.AccelCtrl.ACC.DesiredSpd: No such destination quantity
ERROR		FMU 'CM_ACCController_V17', DDict.AccelCtrl.ACC.DesiredTGap: No such destination quantity
ERROR		FMU 'CM_ACCController_V17', DDict.AccelCtrl.ACC.IsActive: No such destination quantity
ERROR		FMU 'CM_ACCController_V17', DDict.AccelCtrl.ACC.Time2Collision: No such destination quantity
ERROR		FMU 'CM_ACCController_V17', DDict.AccelCtrl.DesiredAx: No such destination quantity
TIME	9.726
SIM_START	OSC_Imported/longitudinal_feature/ACC/acc_csc_001	2026-06-29 17:29:55
TIME	9.726
WARNING		FMU: Sending all FMU log output to file 'FMU_20260629-172955.log'
TIME	0.005
		Road Sensor: evaluation of route/path disabled (works only on route)
WARNING		FMU 'CM_ACCController_V17': Debug logging enabled
		Current random seed value = 1782728995
ERROR		TestManagerCmds: unknown var "Debug.EffectiveTimeGap"
ERROR		TestManagerCmds: unknown var "Debug.Target.DistX"
ERROR		TestManagerCmds: unknown var "Debug.SafeDistance"
ERROR		TestManagerCmds: unknown var "Debug.Target.DistX"
ERROR		TestManagerCmds: unknown var "Debug.Target.DistX"
SIM_ABORT	OSC_Imported/longitudinal_feature/ACC/acc_csc_001	0s	0m
ERROR		FMU 'CM_ACCController_V17', FMUIn.Camera.nObj: No such source quantity 'Sensor.Camera.Vhcl.VehSensor_FCAM.nObj'
ERROR		FMU 'CM_ACCController_V17', FMUIn.Camera.Obj0.ObjID: No such source quantity 'Sensor.Camera.Vhcl.VehSensor_FCAM.Obj.0.ObjID'
ERROR		FMU 'CM_ACCController_V17', FMUIn.Camera.Obj0.Type: No such source quantity 'Sensor.Camera.Vhcl.VehSensor_FCAM.Obj.0.Type'
ERROR		FMU 'CM_ACCController_V17', FMUIn.Camera.Obj0.Confidence: No such source quantity 'Sensor.Camera.Vhcl.VehSensor_FCAM.Obj.0.Confidence'
ERROR		FMU 'CM_ACCController_V17', FMUIn.Camera.Obj0.Facing: No such source quantity 'Sensor.Camera.Vhcl.VehSensor_FCAM.Obj.0.Facing'
ERROR		FMU 'CM_ACCController_V17', FMUIn.Camera.Obj0.MBR.BL_X: No such source quantity 'Sensor.Camera.Vhcl.VehSensor_FCAM.Obj.0.MBR.BL_X'
ERROR		FMU 'CM_ACCController_V17', FMUIn.Camera.Obj0.MBR.BL_Y: No such source quantity 'Sensor.Camera.Vhcl.VehSensor_FCAM.Obj.0.MBR.BL_Y'
ERROR		FMU 'CM_ACCController_V17', FMUIn.Camera.Obj0.MBR.BL_Z: No such source quantity 'Sensor.Camera.Vhcl.VehSensor_FCAM.Obj.0.MBR.BL_Z'
ERROR		FMU 'CM_ACCController_V17', FMUIn.Camera.Obj0.MBR.TR_X: No such source quantity 'Sensor.Camera.Vhcl.VehSensor_FCAM.Obj.0.MBR.TR_X'
ERROR		FMU 'CM_ACCController_V17', FMUIn.Camera.Obj0.MBR.TR_Y: No such source quantity 'Sensor.Camera.Vhcl.VehSensor_FCAM.Obj.0.MBR.TR_Y'
ERROR		FMU 'CM_ACCController_V17', FMUIn.Camera.Obj0.MBR.TR_Z: No such source quantity 'Sensor.Camera.Vhcl.VehSensor_FCAM.Obj.0.MBR.TR_Z'
ERROR		FMU 'CM_ACCController_V17', FMUIn.Camera.Obj1.ObjID: No such source quantity 'Sensor.Camera.Vhcl.VehSensor_FCAM.Obj.1.ObjID'
ERROR		FMU 'CM_ACCController_V17', FMUIn.Camera.Obj1.Type: No such source quantity 'Sensor.Camera.Vhcl.VehSensor_FCAM.Obj.1.Type'
ERROR		FMU 'CM_ACCController_V17', FMUIn.Camera.Obj1.Confidence: No such source quantity 'Sensor.Camera.Vhcl.VehSensor_FCAM.Obj.1.Confidence'
ERROR		FMU 'CM_ACCController_V17', FMUIn.Camera.Obj1.Facing: No such source quantity 'Sensor.Camera.Vhcl.VehSensor_FCAM.Obj.1.Facing'
ERROR		FMU 'CM_ACCController_V17', FMUIn.Camera.Obj1.MBR.BL_X: No such source quantity 'Sensor.Camera.Vhcl.VehSensor_FCAM.Obj.1.MBR.BL_X'
ERROR		FMU 'CM_ACCController_V17', FMUIn.Camera.Obj1.MBR.BL_Y: No such source quantity 'Sensor.Camera.Vhcl.VehSensor_FCAM.Obj.1.MBR.BL_Y'
ERROR		FMU 'CM_ACCController_V17', FMUIn.Camera.Obj1.MBR.BL_Z: No such source quantity 'Sensor.Camera.Vhcl.VehSensor_FCAM.Obj.1.MBR.BL_Z'
ERROR		FMU 'CM_ACCController_V17', FMUIn.Camera.Obj1.MBR.TR_X: No such source quantity 'Sensor.Camera.Vhcl.VehSensor_FCAM.Obj.1.MBR.TR_X'
ERROR		FMU 'CM_ACCController_V17', FMUIn.Camera.Obj1.MBR.TR_Y: No such source quantity 'Sensor.Camera.Vhcl.VehSensor_FCAM.Obj.1.MBR.TR_Y'
ERROR		FMU 'CM_ACCController_V17', FMUIn.Camera.Obj1.MBR.TR_Z: No such source quantity 'Sensor.Camera.Vhcl.VehSensor_FCAM.Obj.1.MBR.TR_Z'
ERROR		FMU 'CM_ACCController_V17', FMUIn.Camera.Obj2.ObjID: No such source quantity 'Sensor.Camera.Vhcl.VehSensor_FCAM.Obj.2.ObjID'
ERROR		FMU 'CM_ACCController_V17', FMUIn.Camera.Obj2.Type: No such source quantity 'Sensor.Camera.Vhcl.VehSensor_FCAM.Obj.2.Type'
ERROR		FMU 'CM_ACCController_V17', FMUIn.Camera.Obj2.Confidence: No such source quantity 'Sensor.Camera.Vhcl.VehSensor_FCAM.Obj.2.Confidence'
ERROR		FMU 'CM_ACCController_V17', FMUIn.Camera.Obj2.Facing: No such source quantity 'Sensor.Camera.Vhcl.VehSensor_FCAM.Obj.2.Facing'
ERROR		FMU 'CM_ACCController_V17', FMUIn.Camera.Obj2.MBR.BL_X: No such source quantity 'Sensor.Camera.Vhcl.VehSensor_FCAM.Obj.2.MBR.BL_X'
ERROR		FMU 'CM_ACCController_V17', FMUIn.Camera.Obj2.MBR.BL_Y: No such source quantity 'Sensor.Camera.Vhcl.VehSensor_FCAM.Obj.2.MBR.BL_Y'
ERROR		FMU 'CM_ACCController_V17', FMUIn.Camera.Obj2.MBR.BL_Z: No such source quantity 'Sensor.Camera.Vhcl.VehSensor_FCAM.Obj.2.MBR.BL_Z'
ERROR		FMU 'CM_ACCController_V17', FMUIn.Camera.Obj2.MBR.TR_X: No such source quantity 'Sensor.Camera.Vhcl.VehSensor_FCAM.Obj.2.MBR.TR_X'
ERROR		FMU 'CM_ACCController_V17', FMUIn.Camera.Obj2.MBR.TR_Y: No such source quantity 'Sensor.Camera.Vhcl.VehSensor_FCAM.Obj.2.MBR.TR_Y'
ERROR		FMU 'CM_ACCController_V17', FMUIn.Camera.Obj2.MBR.TR_Z: No such source quantity 'Sensor.Camera.Vhcl.VehSensor_FCAM.Obj.2.MBR.TR_Z'
ERROR		FMU 'CM_ACCController_V17', FMUIn.Camera.Obj3.ObjID: No such source quantity 'Sensor.Camera.Vhcl.VehSensor_FCAM.Obj.3.ObjID'
ERROR		FMU 'CM_ACCController_V17', FMUIn.Camera.Obj3.Type: No such source quantity 'Sensor.Camera.Vhcl.VehSensor_FCAM.Obj.3.Type'
ERROR		FMU 'CM_ACCController_V17', FMUIn.Camera.Obj3.Confidence: No such source quantity 'Sensor.Camera.Vhcl.VehSensor_FCAM.Obj.3.Confidence'
ERROR		FMU 'CM_ACCController_V17', FMUIn.Camera.Obj3.Facing: No such source quantity 'Sensor.Camera.Vhcl.VehSensor_FCAM.Obj.3.Facing'
ERROR		FMU 'CM_ACCController_V17', FMUIn.Camera.Obj3.MBR.BL_X: No such source quantity 'Sensor.Camera.Vhcl.VehSensor_FCAM.Obj.3.MBR.BL_X'
ERROR		FMU 'CM_ACCController_V17', FMUIn.Camera.Obj3.MBR.BL_Y: No such source quantity 'Sensor.Camera.Vhcl.VehSensor_FCAM.Obj.3.MBR.BL_Y'
ERROR		FMU 'CM_ACCController_V17', FMUIn.Camera.Obj3.MBR.BL_Z: No such source quantity 'Sensor.Camera.Vhcl.VehSensor_FCAM.Obj.3.MBR.BL_Z'
ERROR		FMU 'CM_ACCController_V17', FMUIn.Camera.Obj3.MBR.TR_X: No such source quantity 'Sensor.Camera.Vhcl.VehSensor_FCAM.Obj.3.MBR.TR_X'
ERROR		FMU 'CM_ACCController_V17', FMUIn.Camera.Obj3.MBR.TR_Y: No such source quantity 'Sensor.Camera.Vhcl.VehSensor_FCAM.Obj.3.MBR.TR_Y'
ERROR		FMU 'CM_ACCController_V17', FMUIn.Camera.Obj3.MBR.TR_Z: No such source quantity 'Sensor.Camera.Vhcl.VehSensor_FCAM.Obj.3.MBR.TR_Z'
ERROR		FMU 'CM_ACCController_V17', FMUIn.Camera.Obj4.ObjID: No such source quantity 'Sensor.Camera.Vhcl.VehSensor_FCAM.Obj.4.ObjID'
ERROR		FMU 'CM_ACCController_V17', FMUIn.Camera.Obj4.Type: No such source quantity 'Sensor.Camera.Vhcl.VehSensor_FCAM.Obj.4.Type'
ERROR		FMU 'CM_ACCController_V17', FMUIn.Camera.Obj4.Confidence: No such source quantity 'Sensor.Camera.Vhcl.VehSensor_FCAM.Obj.4.Confidence'
ERROR		FMU 'CM_ACCController_V17', FMUIn.Camera.Obj4.Facing: No such source quantity 'Sensor.Camera.Vhcl.VehSensor_FCAM.Obj.4.Facing'
ERROR		FMU 'CM_ACCController_V17', FMUIn.Camera.Obj4.MBR.BL_X: No such source quantity 'Sensor.Camera.Vhcl.VehSensor_FCAM.Obj.4.MBR.BL_X'
ERROR		FMU 'CM_ACCController_V17', FMUIn.Camera.Obj4.MBR.BL_Y: No such source quantity 'Sensor.Camera.Vhcl.VehSensor_FCAM.Obj.4.MBR.BL_Y'
ERROR		FMU 'CM_ACCController_V17', FMUIn.Camera.Obj4.MBR.BL_Z: No such source quantity 'Sensor.Camera.Vhcl.VehSensor_FCAM.Obj.4.MBR.BL_Z'
ERROR		FMU 'CM_ACCController_V17', FMUIn.Camera.Obj4.MBR.TR_X: No such source quantity 'Sensor.Camera.Vhcl.VehSensor_FCAM.Obj.4.MBR.TR_X'
ERROR		FMU 'CM_ACCController_V17', FMUIn.Camera.Obj4.MBR.TR_Y: No such source quantity 'Sensor.Camera.Vhcl.VehSensor_FCAM.Obj.4.MBR.TR_Y'
ERROR		FMU 'CM_ACCController_V17', FMUIn.Camera.Obj4.MBR.TR_Z: No such source quantity 'Sensor.Camera.Vhcl.VehSensor_FCAM.Obj.4.MBR.TR_Z'
ERROR		FMU 'CM_ACCController_V17', FMUIn.Camera.Obj5.ObjID: No such source quantity 'Sensor.Camera.Vhcl.VehSensor_FCAM.Obj.5.ObjID'
ERROR		FMU 'CM_ACCController_V17', FMUIn.Camera.Obj5.Type: No such source quantity 'Sensor.Camera.Vhcl.VehSensor_FCAM.Obj.5.Type'
ERROR		FMU 'CM_ACCController_V17', FMUIn.Camera.Obj5.Confidence: No such source quantity 'Sensor.Camera.Vhcl.VehSensor_FCAM.Obj.5.Confidence'
ERROR		FMU 'CM_ACCController_V17', FMUIn.Camera.Obj5.Facing: No such source quantity 'Sensor.Camera.Vhcl.VehSensor_FCAM.Obj.5.Facing'
ERROR		FMU 'CM_ACCController_V17', FMUIn.Camera.Obj5.MBR.BL_X: No such source quantity 'Sensor.Camera.Vhcl.VehSensor_FCAM.Obj.5.MBR.BL_X'
ERROR		FMU 'CM_ACCController_V17', FMUIn.Camera.Obj5.MBR.BL_Y: No such source quantity 'Sensor.Camera.Vhcl.VehSensor_FCAM.Obj.5.MBR.BL_Y'
ERROR		FMU 'CM_ACCController_V17', FMUIn.Camera.Obj5.MBR.BL_Z: No such source quantity 'Sensor.Camera.Vhcl.VehSensor_FCAM.Obj.5.MBR.BL_Z'
ERROR		FMU 'CM_ACCController_V17', FMUIn.Camera.Obj5.MBR.TR_X: No such source quantity 'Sensor.Camera.Vhcl.VehSensor_FCAM.Obj.5.MBR.TR_X'
ERROR		FMU 'CM_ACCController_V17', FMUIn.Camera.Obj5.MBR.TR_Y: No such source quantity 'Sensor.Camera.Vhcl.VehSensor_FCAM.Obj.5.MBR.TR_Y'
ERROR		FMU 'CM_ACCController_V17', FMUIn.Camera.Obj5.MBR.TR_Z: No such source quantity 'Sensor.Camera.Vhcl.VehSensor_FCAM.Obj.5.MBR.TR_Z'
ERROR		FMU 'CM_ACCController_V17', FMUIn.Radar.Obj0.MeasStat: No such source quantity 'Sensor.Radar.Vhcl.VehSensor_MRR.Obj0.MeasStat'
ERROR		FMU 'CM_ACCController_V17', FMUIn.Radar.Obj0.ObjID: No such source quantity 'Sensor.Radar.Vhcl.VehSensor_MRR.Obj0.ObjId'
ERROR		FMU 'CM_ACCController_V17', FMUIn.Radar.Obj0.DistX: No such source quantity 'Sensor.Radar.Vhcl.VehSensor_MRR.Obj0.DistX'
ERROR		FMU 'CM_ACCController_V17', FMUIn.Radar.Obj0.DistY: No such source quantity 'Sensor.Radar.Vhcl.VehSensor_MRR.Obj0.DistY'
ERROR		FMU 'CM_ACCController_V17', FMUIn.Radar.Obj0.VrelX: No such source quantity 'Sensor.Radar.Vhcl.VehSensor_MRR.Obj0.VrelX'
ERROR		FMU 'CM_ACCController_V17', FMUIn.Radar.Obj0.ProbExist: No such source quantity 'Sensor.Radar.Vhcl.VehSensor_MRR.Obj0.ProbExist'
ERROR		FMU 'CM_ACCController_V17', FMUIn.Radar.Obj0.DynProp: No such source quantity 'Sensor.Radar.Vhcl.VehSensor_MRR.Obj0.DynProp'
ERROR		FMU 'CM_ACCController_V17', FMUIn.Radar.Obj1.MeasStat: No such source quantity 'Sensor.Radar.Vhcl.VehSensor_MRR.Obj1.MeasStat'
ERROR		FMU 'CM_ACCController_V17', FMUIn.Radar.Obj1.ObjID: No such source quantity 'Sensor.Radar.Vhcl.VehSensor_MRR.Obj1.ObjId'
ERROR		FMU 'CM_ACCController_V17', FMUIn.Radar.Obj1.DistX: No such source quantity 'Sensor.Radar.Vhcl.VehSensor_MRR.Obj1.DistX'
ERROR		FMU 'CM_ACCController_V17', FMUIn.Radar.Obj1.DistY: No such source quantity 'Sensor.Radar.Vhcl.VehSensor_MRR.Obj1.DistY'
ERROR		FMU 'CM_ACCController_V17', FMUIn.Radar.Obj1.VrelX: No such source quantity 'Sensor.Radar.Vhcl.VehSensor_MRR.Obj1.VrelX'
ERROR		FMU 'CM_ACCController_V17', FMUIn.Radar.Obj1.ProbExist: No such source quantity 'Sensor.Radar.Vhcl.VehSensor_MRR.Obj1.ProbExist'
ERROR		FMU 'CM_ACCController_V17', FMUIn.Radar.Obj1.DynProp: No such source quantity 'Sensor.Radar.Vhcl.VehSensor_MRR.Obj1.DynProp'
ERROR		FMU 'CM_ACCController_V17', FMUIn.Radar.Obj2.MeasStat: No such source quantity 'Sensor.Radar.Vhcl.VehSensor_MRR.Obj2.MeasStat'
ERROR		FMU 'CM_ACCController_V17', FMUIn.Radar.Obj2.ObjID: No such source quantity 'Sensor.Radar.Vhcl.VehSensor_MRR.Obj2.ObjId'
ERROR		FMU 'CM_ACCController_V17', FMUIn.Radar.Obj2.DistX: No such source quantity 'Sensor.Radar.Vhcl.VehSensor_MRR.Obj2.DistX'
ERROR		FMU 'CM_ACCController_V17', FMUIn.Radar.Obj2.DistY: No such source quantity 'Sensor.Radar.Vhcl.VehSensor_MRR.Obj2.DistY'
ERROR		FMU 'CM_ACCController_V17', FMUIn.Radar.Obj2.VrelX: No such source quantity 'Sensor.Radar.Vhcl.VehSensor_MRR.Obj2.VrelX'
ERROR		FMU 'CM_ACCController_V17', FMUIn.Radar.Obj2.ProbExist: No such source quantity 'Sensor.Radar.Vhcl.VehSensor_MRR.Obj2.ProbExist'
ERROR		FMU 'CM_ACCController_V17', FMUIn.Radar.Obj2.DynProp: No such source quantity 'Sensor.Radar.Vhcl.VehSensor_MRR.Obj2.DynProp'
ERROR		FMU 'CM_ACCController_V17', FMUIn.Radar.Obj3.MeasStat: No such source quantity 'Sensor.Radar.Vhcl.VehSensor_MRR.Obj3.MeasStat'
ERROR		FMU 'CM_ACCController_V17', FMUIn.Radar.Obj3.ObjID: No such source quantity 'Sensor.Radar.Vhcl.VehSensor_MRR.Obj3.ObjId'
ERROR		FMU 'CM_ACCController_V17', FMUIn.Radar.Obj3.DistX: No such source quantity 'Sensor.Radar.Vhcl.VehSensor_MRR.Obj3.DistX'
ERROR		FMU 'CM_ACCController_V17', FMUIn.Radar.Obj3.DistY: No such source quantity 'Sensor.Radar.Vhcl.VehSensor_MRR.Obj3.DistY'
ERROR		FMU 'CM_ACCController_V17', FMUIn.Radar.Obj3.VrelX: No such source quantity 'Sensor.Radar.Vhcl.VehSensor_MRR.Obj3.VrelX'
ERROR		FMU 'CM_ACCController_V17', FMUIn.Radar.Obj3.ProbExist: No such source quantity 'Sensor.Radar.Vhcl.VehSensor_MRR.Obj3.ProbExist'
ERROR		FMU 'CM_ACCController_V17', FMUIn.Radar.Obj3.DynProp: No such source quantity 'Sensor.Radar.Vhcl.VehSensor_MRR.Obj3.DynProp'
ERROR		FMU 'CM_ACCController_V17', FMUIn.Radar.Obj4.MeasStat: No such source quantity 'Sensor.Radar.Vhcl.VehSensor_MRR.Obj4.MeasStat'
ERROR		FMU 'CM_ACCController_V17', FMUIn.Radar.Obj4.ObjID: No such source quantity 'Sensor.Radar.Vhcl.VehSensor_MRR.Obj4.ObjId'
ERROR		FMU 'CM_ACCController_V17', FMUIn.Radar.Obj4.DistX: No such source quantity 'Sensor.Radar.Vhcl.VehSensor_MRR.Obj4.DistX'
ERROR		FMU 'CM_ACCController_V17', FMUIn.Radar.Obj4.DistY: No such source quantity 'Sensor.Radar.Vhcl.VehSensor_MRR.Obj4.DistY'
ERROR		FMU 'CM_ACCController_V17', FMUIn.Radar.Obj4.VrelX: No such source quantity 'Sensor.Radar.Vhcl.VehSensor_MRR.Obj4.VrelX'
ERROR		FMU 'CM_ACCController_V17', FMUIn.Radar.Obj4.ProbExist: No such source quantity 'Sensor.Radar.Vhcl.VehSensor_MRR.Obj4.ProbExist'
ERROR		FMU 'CM_ACCController_V17', FMUIn.Radar.Obj4.DynProp: No such source quantity 'Sensor.Radar.Vhcl.VehSensor_MRR.Obj4.DynProp'
ERROR		FMU 'CM_ACCController_V17', FMUIn.Radar.Obj5.MeasStat: No such source quantity 'Sensor.Radar.Vhcl.VehSensor_MRR.Obj5.MeasStat'
ERROR		FMU 'CM_ACCController_V17', FMUIn.Radar.Obj5.ObjID: No such source quantity 'Sensor.Radar.Vhcl.VehSensor_MRR.Obj5.ObjId'
ERROR		FMU 'CM_ACCController_V17', FMUIn.Radar.Obj5.DistX: No such source quantity 'Sensor.Radar.Vhcl.VehSensor_MRR.Obj5.DistX'
ERROR		FMU 'CM_ACCController_V17', FMUIn.Radar.Obj5.DistY: No such source quantity 'Sensor.Radar.Vhcl.VehSensor_MRR.Obj5.DistY'
ERROR		FMU 'CM_ACCController_V17', FMUIn.Radar.Obj5.VrelX: No such source quantity 'Sensor.Radar.Vhcl.VehSensor_MRR.Obj5.VrelX'
ERROR		FMU 'CM_ACCController_V17', FMUIn.Radar.Obj5.ProbExist: No such source quantity 'Sensor.Radar.Vhcl.VehSensor_MRR.Obj5.ProbExist'
ERROR		FMU 'CM_ACCController_V17', FMUIn.Radar.Obj5.DynProp: No such source quantity 'Sensor.Radar.Vhcl.VehSensor_MRR.Obj5.DynProp'
ERROR		FMU 'CM_ACCController_V17', DDict.AccelCtrl.ACC.DesiredAx: No such destination quantity
ERROR		FMU 'CM_ACCController_V17', DDict.AccelCtrl.ACC.DesiredDist: No such destination quantity
ERROR		FMU 'CM_ACCController_V17', DDict.AccelCtrl.ACC.DesiredSpd: No such destination quantity
ERROR		FMU 'CM_ACCController_V17', DDict.AccelCtrl.ACC.DesiredTGap: No such destination quantity
ERROR		FMU 'CM_ACCController_V17', DDict.AccelCtrl.ACC.IsActive: No such destination quantity
ERROR		FMU 'CM_ACCController_V17', DDict.AccelCtrl.ACC.Time2Collision: No such destination quantity
ERROR		FMU 'CM_ACCController_V17', DDict.AccelCtrl.DesiredAx: No such destination quantity
SIM_START	OSC_Imported/longitudinal_feature/ACC/acc_csc_001	2026-06-29 17:29:58
TIME	0.323
WARNING		FMU: Sending all FMU log output to file 'FMU_20260629-172958.log'
TIME	0.003
		Road Sensor: evaluation of route/path disabled (works only on route)
WARNING		FMU 'CM_ACCController_V17': Debug logging enabled
		Current random seed value = 1782728998
ERROR		TestManagerCmds: unknown var "Debug.EffectiveTimeGap"
ERROR		TestManagerCmds: unknown var "Debug.Target.DistX"
ERROR		TestManagerCmds: unknown var "Debug.SafeDistance"
ERROR		TestManagerCmds: unknown var "Debug.Target.DistX"
ERROR		TestManagerCmds: unknown var "Debug.Target.DistX"
SIM_ABORT	OSC_Imported/longitudinal_feature/ACC/acc_csc_001	0s	0m
ERROR		FMU 'CM_ACCController_V17', FMUIn.Camera.nObj: No such source quantity 'Sensor.Camera.Vhcl.VehSensor_FCAM.nObj'
ERROR		FMU 'CM_ACCController_V17', FMUIn.Camera.Obj0.ObjID: No such source quantity 'Sensor.Camera.Vhcl.VehSensor_FCAM.Obj.0.ObjID'
ERROR		FMU 'CM_ACCController_V17', FMUIn.Camera.Obj0.Type: No such source quantity 'Sensor.Camera.Vhcl.VehSensor_FCAM.Obj.0.Type'
ERROR		FMU 'CM_ACCController_V17', FMUIn.Camera.Obj0.Confidence: No such source quantity 'Sensor.Camera.Vhcl.VehSensor_FCAM.Obj.0.Confidence'
ERROR		FMU 'CM_ACCController_V17', FMUIn.Camera.Obj0.Facing: No such source quantity 'Sensor.Camera.Vhcl.VehSensor_FCAM.Obj.0.Facing'
ERROR		FMU 'CM_ACCController_V17', FMUIn.Camera.Obj0.MBR.BL_X: No such source quantity 'Sensor.Camera.Vhcl.VehSensor_FCAM.Obj.0.MBR.BL_X'
ERROR		FMU 'CM_ACCController_V17', FMUIn.Camera.Obj0.MBR.BL_Y: No such source quantity 'Sensor.Camera.Vhcl.VehSensor_FCAM.Obj.0.MBR.BL_Y'
ERROR		FMU 'CM_ACCController_V17', FMUIn.Camera.Obj0.MBR.BL_Z: No such source quantity 'Sensor.Camera.Vhcl.VehSensor_FCAM.Obj.0.MBR.BL_Z'
ERROR		FMU 'CM_ACCController_V17', FMUIn.Camera.Obj0.MBR.TR_X: No such source quantity 'Sensor.Camera.Vhcl.VehSensor_FCAM.Obj.0.MBR.TR_X'
ERROR		FMU 'CM_ACCController_V17', FMUIn.Camera.Obj0.MBR.TR_Y: No such source quantity 'Sensor.Camera.Vhcl.VehSensor_FCAM.Obj.0.MBR.TR_Y'
ERROR		FMU 'CM_ACCController_V17', FMUIn.Camera.Obj0.MBR.TR_Z: No such source quantity 'Sensor.Camera.Vhcl.VehSensor_FCAM.Obj.0.MBR.TR_Z'
ERROR		FMU 'CM_ACCController_V17', FMUIn.Camera.Obj1.ObjID: No such source quantity 'Sensor.Camera.Vhcl.VehSensor_FCAM.Obj.1.ObjID'
ERROR		FMU 'CM_ACCController_V17', FMUIn.Camera.Obj1.Type: No such source quantity 'Sensor.Camera.Vhcl.VehSensor_FCAM.Obj.1.Type'
ERROR		FMU 'CM_ACCController_V17', FMUIn.Camera.Obj1.Confidence: No such source quantity 'Sensor.Camera.Vhcl.VehSensor_FCAM.Obj.1.Confidence'
ERROR		FMU 'CM_ACCController_V17', FMUIn.Camera.Obj1.Facing: No such source quantity 'Sensor.Camera.Vhcl.VehSensor_FCAM.Obj.1.Facing'
ERROR		FMU 'CM_ACCController_V17', FMUIn.Camera.Obj1.MBR.BL_X: No such source quantity 'Sensor.Camera.Vhcl.VehSensor_FCAM.Obj.1.MBR.BL_X'
ERROR		FMU 'CM_ACCController_V17', FMUIn.Camera.Obj1.MBR.BL_Y: No such source quantity 'Sensor.Camera.Vhcl.VehSensor_FCAM.Obj.1.MBR.BL_Y'
ERROR		FMU 'CM_ACCController_V17', FMUIn.Camera.Obj1.MBR.BL_Z: No such source quantity 'Sensor.Camera.Vhcl.VehSensor_FCAM.Obj.1.MBR.BL_Z'
ERROR		FMU 'CM_ACCController_V17', FMUIn.Camera.Obj1.MBR.TR_X: No such source quantity 'Sensor.Camera.Vhcl.VehSensor_FCAM.Obj.1.MBR.TR_X'
ERROR		FMU 'CM_ACCController_V17', FMUIn.Camera.Obj1.MBR.TR_Y: No such source quantity 'Sensor.Camera.Vhcl.VehSensor_FCAM.Obj.1.MBR.TR_Y'
ERROR		FMU 'CM_ACCController_V17', FMUIn.Camera.Obj1.MBR.TR_Z: No such source quantity 'Sensor.Camera.Vhcl.VehSensor_FCAM.Obj.1.MBR.TR_Z'
ERROR		FMU 'CM_ACCController_V17', FMUIn.Camera.Obj2.ObjID: No such source quantity 'Sensor.Camera.Vhcl.VehSensor_FCAM.Obj.2.ObjID'
ERROR		FMU 'CM_ACCController_V17', FMUIn.Camera.Obj2.Type: No such source quantity 'Sensor.Camera.Vhcl.VehSensor_FCAM.Obj.2.Type'
ERROR		FMU 'CM_ACCController_V17', FMUIn.Camera.Obj2.Confidence: No such source quantity 'Sensor.Camera.Vhcl.VehSensor_FCAM.Obj.2.Confidence'
ERROR		FMU 'CM_ACCController_V17', FMUIn.Camera.Obj2.Facing: No such source quantity 'Sensor.Camera.Vhcl.VehSensor_FCAM.Obj.2.Facing'
ERROR		FMU 'CM_ACCController_V17', FMUIn.Camera.Obj2.MBR.BL_X: No such source quantity 'Sensor.Camera.Vhcl.VehSensor_FCAM.Obj.2.MBR.BL_X'
ERROR		FMU 'CM_ACCController_V17', FMUIn.Camera.Obj2.MBR.BL_Y: No such source quantity 'Sensor.Camera.Vhcl.VehSensor_FCAM.Obj.2.MBR.BL_Y'
ERROR		FMU 'CM_ACCController_V17', FMUIn.Camera.Obj2.MBR.BL_Z: No such source quantity 'Sensor.Camera.Vhcl.VehSensor_FCAM.Obj.2.MBR.BL_Z'
ERROR		FMU 'CM_ACCController_V17', FMUIn.Camera.Obj2.MBR.TR_X: No such source quantity 'Sensor.Camera.Vhcl.VehSensor_FCAM.Obj.2.MBR.TR_X'
ERROR		FMU 'CM_ACCController_V17', FMUIn.Camera.Obj2.MBR.TR_Y: No such source quantity 'Sensor.Camera.Vhcl.VehSensor_FCAM.Obj.2.MBR.TR_Y'
ERROR		FMU 'CM_ACCController_V17', FMUIn.Camera.Obj2.MBR.TR_Z: No such source quantity 'Sensor.Camera.Vhcl.VehSensor_FCAM.Obj.2.MBR.TR_Z'
ERROR		FMU 'CM_ACCController_V17', FMUIn.Camera.Obj3.ObjID: No such source quantity 'Sensor.Camera.Vhcl.VehSensor_FCAM.Obj.3.ObjID'
ERROR		FMU 'CM_ACCController_V17', FMUIn.Camera.Obj3.Type: No such source quantity 'Sensor.Camera.Vhcl.VehSensor_FCAM.Obj.3.Type'
ERROR		FMU 'CM_ACCController_V17', FMUIn.Camera.Obj3.Confidence: No such source quantity 'Sensor.Camera.Vhcl.VehSensor_FCAM.Obj.3.Confidence'
ERROR		FMU 'CM_ACCController_V17', FMUIn.Camera.Obj3.Facing: No such source quantity 'Sensor.Camera.Vhcl.VehSensor_FCAM.Obj.3.Facing'
ERROR		FMU 'CM_ACCController_V17', FMUIn.Camera.Obj3.MBR.BL_X: No such source quantity 'Sensor.Camera.Vhcl.VehSensor_FCAM.Obj.3.MBR.BL_X'
ERROR		FMU 'CM_ACCController_V17', FMUIn.Camera.Obj3.MBR.BL_Y: No such source quantity 'Sensor.Camera.Vhcl.VehSensor_FCAM.Obj.3.MBR.BL_Y'
ERROR		FMU 'CM_ACCController_V17', FMUIn.Camera.Obj3.MBR.BL_Z: No such source quantity 'Sensor.Camera.Vhcl.VehSensor_FCAM.Obj.3.MBR.BL_Z'
ERROR		FMU 'CM_ACCController_V17', FMUIn.Camera.Obj3.MBR.TR_X: No such source quantity 'Sensor.Camera.Vhcl.VehSensor_FCAM.Obj.3.MBR.TR_X'
ERROR		FMU 'CM_ACCController_V17', FMUIn.Camera.Obj3.MBR.TR_Y: No such source quantity 'Sensor.Camera.Vhcl.VehSensor_FCAM.Obj.3.MBR.TR_Y'
ERROR		FMU 'CM_ACCController_V17', FMUIn.Camera.Obj3.MBR.TR_Z: No such source quantity 'Sensor.Camera.Vhcl.VehSensor_FCAM.Obj.3.MBR.TR_Z'
ERROR		FMU 'CM_ACCController_V17', FMUIn.Camera.Obj4.ObjID: No such source quantity 'Sensor.Camera.Vhcl.VehSensor_FCAM.Obj.4.ObjID'
ERROR		FMU 'CM_ACCController_V17', FMUIn.Camera.Obj4.Type: No such source quantity 'Sensor.Camera.Vhcl.VehSensor_FCAM.Obj.4.Type'
ERROR		FMU 'CM_ACCController_V17', FMUIn.Camera.Obj4.Confidence: No such source quantity 'Sensor.Camera.Vhcl.VehSensor_FCAM.Obj.4.Confidence'
ERROR		FMU 'CM_ACCController_V17', FMUIn.Camera.Obj4.Facing: No such source quantity 'Sensor.Camera.Vhcl.VehSensor_FCAM.Obj.4.Facing'
ERROR		FMU 'CM_ACCController_V17', FMUIn.Camera.Obj4.MBR.BL_X: No such source quantity 'Sensor.Camera.Vhcl.VehSensor_FCAM.Obj.4.MBR.BL_X'
ERROR		FMU 'CM_ACCController_V17', FMUIn.Camera.Obj4.MBR.BL_Y: No such source quantity 'Sensor.Camera.Vhcl.VehSensor_FCAM.Obj.4.MBR.BL_Y'
ERROR		FMU 'CM_ACCController_V17', FMUIn.Camera.Obj4.MBR.BL_Z: No such source quantity 'Sensor.Camera.Vhcl.VehSensor_FCAM.Obj.4.MBR.BL_Z'
ERROR		FMU 'CM_ACCController_V17', FMUIn.Camera.Obj4.MBR.TR_X: No such source quantity 'Sensor.Camera.Vhcl.VehSensor_FCAM.Obj.4.MBR.TR_X'
ERROR		FMU 'CM_ACCController_V17', FMUIn.Camera.Obj4.MBR.TR_Y: No such source quantity 'Sensor.Camera.Vhcl.VehSensor_FCAM.Obj.4.MBR.TR_Y'
ERROR		FMU 'CM_ACCController_V17', FMUIn.Camera.Obj4.MBR.TR_Z: No such source quantity 'Sensor.Camera.Vhcl.VehSensor_FCAM.Obj.4.MBR.TR_Z'
ERROR		FMU 'CM_ACCController_V17', FMUIn.Camera.Obj5.ObjID: No such source quantity 'Sensor.Camera.Vhcl.VehSensor_FCAM.Obj.5.ObjID'
ERROR		FMU 'CM_ACCController_V17', FMUIn.Camera.Obj5.Type: No such source quantity 'Sensor.Camera.Vhcl.VehSensor_FCAM.Obj.5.Type'
ERROR		FMU 'CM_ACCController_V17', FMUIn.Camera.Obj5.Confidence: No such source quantity 'Sensor.Camera.Vhcl.VehSensor_FCAM.Obj.5.Confidence'
ERROR		FMU 'CM_ACCController_V17', FMUIn.Camera.Obj5.Facing: No such source quantity 'Sensor.Camera.Vhcl.VehSensor_FCAM.Obj.5.Facing'
ERROR		FMU 'CM_ACCController_V17', FMUIn.Camera.Obj5.MBR.BL_X: No such source quantity 'Sensor.Camera.Vhcl.VehSensor_FCAM.Obj.5.MBR.BL_X'
ERROR		FMU 'CM_ACCController_V17', FMUIn.Camera.Obj5.MBR.BL_Y: No such source quantity 'Sensor.Camera.Vhcl.VehSensor_FCAM.Obj.5.MBR.BL_Y'
ERROR		FMU 'CM_ACCController_V17', FMUIn.Camera.Obj5.MBR.BL_Z: No such source quantity 'Sensor.Camera.Vhcl.VehSensor_FCAM.Obj.5.MBR.BL_Z'
ERROR		FMU 'CM_ACCController_V17', FMUIn.Camera.Obj5.MBR.TR_X: No such source quantity 'Sensor.Camera.Vhcl.VehSensor_FCAM.Obj.5.MBR.TR_X'
ERROR		FMU 'CM_ACCController_V17', FMUIn.Camera.Obj5.MBR.TR_Y: No such source quantity 'Sensor.Camera.Vhcl.VehSensor_FCAM.Obj.5.MBR.TR_Y'
ERROR		FMU 'CM_ACCController_V17', FMUIn.Camera.Obj5.MBR.TR_Z: No such source quantity 'Sensor.Camera.Vhcl.VehSensor_FCAM.Obj.5.MBR.TR_Z'
ERROR		FMU 'CM_ACCController_V17', FMUIn.Radar.Obj0.MeasStat: No such source quantity 'Sensor.Radar.Vhcl.VehSensor_MRR.Obj0.MeasStat'
ERROR		FMU 'CM_ACCController_V17', FMUIn.Radar.Obj0.ObjID: No such source quantity 'Sensor.Radar.Vhcl.VehSensor_MRR.Obj0.ObjId'
ERROR		FMU 'CM_ACCController_V17', FMUIn.Radar.Obj0.DistX: No such source quantity 'Sensor.Radar.Vhcl.VehSensor_MRR.Obj0.DistX'
ERROR		FMU 'CM_ACCController_V17', FMUIn.Radar.Obj0.DistY: No such source quantity 'Sensor.Radar.Vhcl.VehSensor_MRR.Obj0.DistY'
ERROR		FMU 'CM_ACCController_V17', FMUIn.Radar.Obj0.VrelX: No such source quantity 'Sensor.Radar.Vhcl.VehSensor_MRR.Obj0.VrelX'
ERROR		FMU 'CM_ACCController_V17', FMUIn.Radar.Obj0.ProbExist: No such source quantity 'Sensor.Radar.Vhcl.VehSensor_MRR.Obj0.ProbExist'
ERROR		FMU 'CM_ACCController_V17', FMUIn.Radar.Obj0.DynProp: No such source quantity 'Sensor.Radar.Vhcl.VehSensor_MRR.Obj0.DynProp'
ERROR		FMU 'CM_ACCController_V17', FMUIn.Radar.Obj1.MeasStat: No such source quantity 'Sensor.Radar.Vhcl.VehSensor_MRR.Obj1.MeasStat'
ERROR		FMU 'CM_ACCController_V17', FMUIn.Radar.Obj1.ObjID: No such source quantity 'Sensor.Radar.Vhcl.VehSensor_MRR.Obj1.ObjId'
ERROR		FMU 'CM_ACCController_V17', FMUIn.Radar.Obj1.DistX: No such source quantity 'Sensor.Radar.Vhcl.VehSensor_MRR.Obj1.DistX'
ERROR		FMU 'CM_ACCController_V17', FMUIn.Radar.Obj1.DistY: No such source quantity 'Sensor.Radar.Vhcl.VehSensor_MRR.Obj1.DistY'
ERROR		FMU 'CM_ACCController_V17', FMUIn.Radar.Obj1.VrelX: No such source quantity 'Sensor.Radar.Vhcl.VehSensor_MRR.Obj1.VrelX'
ERROR		FMU 'CM_ACCController_V17', FMUIn.Radar.Obj1.ProbExist: No such source quantity 'Sensor.Radar.Vhcl.VehSensor_MRR.Obj1.ProbExist'
ERROR		FMU 'CM_ACCController_V17', FMUIn.Radar.Obj1.DynProp: No such source quantity 'Sensor.Radar.Vhcl.VehSensor_MRR.Obj1.DynProp'
ERROR		FMU 'CM_ACCController_V17', FMUIn.Radar.Obj2.MeasStat: No such source quantity 'Sensor.Radar.Vhcl.VehSensor_MRR.Obj2.MeasStat'
ERROR		FMU 'CM_ACCController_V17', FMUIn.Radar.Obj2.ObjID: No such source quantity 'Sensor.Radar.Vhcl.VehSensor_MRR.Obj2.ObjId'
ERROR		FMU 'CM_ACCController_V17', FMUIn.Radar.Obj2.DistX: No such source quantity 'Sensor.Radar.Vhcl.VehSensor_MRR.Obj2.DistX'
ERROR		FMU 'CM_ACCController_V17', FMUIn.Radar.Obj2.DistY: No such source quantity 'Sensor.Radar.Vhcl.VehSensor_MRR.Obj2.DistY'
ERROR		FMU 'CM_ACCController_V17', FMUIn.Radar.Obj2.VrelX: No such source quantity 'Sensor.Radar.Vhcl.VehSensor_MRR.Obj2.VrelX'
ERROR		FMU 'CM_ACCController_V17', FMUIn.Radar.Obj2.ProbExist: No such source quantity 'Sensor.Radar.Vhcl.VehSensor_MRR.Obj2.ProbExist'
ERROR		FMU 'CM_ACCController_V17', FMUIn.Radar.Obj2.DynProp: No such source quantity 'Sensor.Radar.Vhcl.VehSensor_MRR.Obj2.DynProp'
ERROR		FMU 'CM_ACCController_V17', FMUIn.Radar.Obj3.MeasStat: No such source quantity 'Sensor.Radar.Vhcl.VehSensor_MRR.Obj3.MeasStat'
ERROR		FMU 'CM_ACCController_V17', FMUIn.Radar.Obj3.ObjID: No such source quantity 'Sensor.Radar.Vhcl.VehSensor_MRR.Obj3.ObjId'
ERROR		FMU 'CM_ACCController_V17', FMUIn.Radar.Obj3.DistX: No such source quantity 'Sensor.Radar.Vhcl.VehSensor_MRR.Obj3.DistX'
ERROR		FMU 'CM_ACCController_V17', FMUIn.Radar.Obj3.DistY: No such source quantity 'Sensor.Radar.Vhcl.VehSensor_MRR.Obj3.DistY'
ERROR		FMU 'CM_ACCController_V17', FMUIn.Radar.Obj3.VrelX: No such source quantity 'Sensor.Radar.Vhcl.VehSensor_MRR.Obj3.VrelX'
ERROR		FMU 'CM_ACCController_V17', FMUIn.Radar.Obj3.ProbExist: No such source quantity 'Sensor.Radar.Vhcl.VehSensor_MRR.Obj3.ProbExist'
ERROR		FMU 'CM_ACCController_V17', FMUIn.Radar.Obj3.DynProp: No such source quantity 'Sensor.Radar.Vhcl.VehSensor_MRR.Obj3.DynProp'
ERROR		FMU 'CM_ACCController_V17', FMUIn.Radar.Obj4.MeasStat: No such source quantity 'Sensor.Radar.Vhcl.VehSensor_MRR.Obj4.MeasStat'
ERROR		FMU 'CM_ACCController_V17', FMUIn.Radar.Obj4.ObjID: No such source quantity 'Sensor.Radar.Vhcl.VehSensor_MRR.Obj4.ObjId'
ERROR		FMU 'CM_ACCController_V17', FMUIn.Radar.Obj4.DistX: No such source quantity 'Sensor.Radar.Vhcl.VehSensor_MRR.Obj4.DistX'
ERROR		FMU 'CM_ACCController_V17', FMUIn.Radar.Obj4.DistY: No such source quantity 'Sensor.Radar.Vhcl.VehSensor_MRR.Obj4.DistY'
ERROR		FMU 'CM_ACCController_V17', FMUIn.Radar.Obj4.VrelX: No such source quantity 'Sensor.Radar.Vhcl.VehSensor_MRR.Obj4.VrelX'
ERROR		FMU 'CM_ACCController_V17', FMUIn.Radar.Obj4.ProbExist: No such source quantity 'Sensor.Radar.Vhcl.VehSensor_MRR.Obj4.ProbExist'
ERROR		FMU 'CM_ACCController_V17', FMUIn.Radar.Obj4.DynProp: No such source quantity 'Sensor.Radar.Vhcl.VehSensor_MRR.Obj4.DynProp'
ERROR		FMU 'CM_ACCController_V17', FMUIn.Radar.Obj5.MeasStat: No such source quantity 'Sensor.Radar.Vhcl.VehSensor_MRR.Obj5.MeasStat'
ERROR		FMU 'CM_ACCController_V17', FMUIn.Radar.Obj5.ObjID: No such source quantity 'Sensor.Radar.Vhcl.VehSensor_MRR.Obj5.ObjId'
ERROR		FMU 'CM_ACCController_V17', FMUIn.Radar.Obj5.DistX: No such source quantity 'Sensor.Radar.Vhcl.VehSensor_MRR.Obj5.DistX'
ERROR		FMU 'CM_ACCController_V17', FMUIn.Radar.Obj5.DistY: No such source quantity 'Sensor.Radar.Vhcl.VehSensor_MRR.Obj5.DistY'
ERROR		FMU 'CM_ACCController_V17', FMUIn.Radar.Obj5.VrelX: No such source quantity 'Sensor.Radar.Vhcl.VehSensor_MRR.Obj5.VrelX'
ERROR		FMU 'CM_ACCController_V17', FMUIn.Radar.Obj5.ProbExist: No such source quantity 'Sensor.Radar.Vhcl.VehSensor_MRR.Obj5.ProbExist'
ERROR		FMU 'CM_ACCController_V17', FMUIn.Radar.Obj5.DynProp: No such source quantity 'Sensor.Radar.Vhcl.VehSensor_MRR.Obj5.DynProp'
ERROR		FMU 'CM_ACCController_V17', DDict.AccelCtrl.ACC.DesiredAx: No such destination quantity
ERROR		FMU 'CM_ACCController_V17', DDict.AccelCtrl.ACC.DesiredDist: No such destination quantity
ERROR		FMU 'CM_ACCController_V17', DDict.AccelCtrl.ACC.DesiredSpd: No such destination quantity
ERROR		FMU 'CM_ACCController_V17', DDict.AccelCtrl.ACC.DesiredTGap: No such destination quantity
ERROR		FMU 'CM_ACCController_V17', DDict.AccelCtrl.ACC.IsActive: No such destination quantity
ERROR		FMU 'CM_ACCController_V17', DDict.AccelCtrl.ACC.Time2Collision: No such destination quantity
ERROR		FMU 'CM_ACCController_V17', DDict.AccelCtrl.DesiredAx: No such destination quantity
SIM_START	OSC_Imported/longitudinal_feature/ACC/acc_csc_001	2026-06-29 17:30:01
TIME	0.301
WARNING		FMU: Sending all FMU log output to file 'FMU_20260629-173001.log'
TIME	0.003
		Road Sensor: evaluation of route/path disabled (works only on route)
WARNING		FMU 'CM_ACCController_V17': Debug logging enabled
		Current random seed value = 1782729001
ERROR		TestManagerCmds: unknown var "Debug.EffectiveTimeGap"
ERROR		TestManagerCmds: unknown var "Debug.Target.DistX"
ERROR		TestManagerCmds: unknown var "Debug.SafeDistance"
ERROR		TestManagerCmds: unknown var "Debug.Target.DistX"
ERROR		TestManagerCmds: unknown var "Debug.Target.DistX"
SIM_ABORT	OSC_Imported/longitudinal_feature/ACC/acc_csc_001	0s	0m
ERROR		FMU 'CM_ACCController_V17', FMUIn.Camera.nObj: No such source quantity 'Sensor.Camera.Vhcl.VehSensor_FCAM.nObj'
ERROR		FMU 'CM_ACCController_V17', FMUIn.Camera.Obj0.ObjID: No such source quantity 'Sensor.Camera.Vhcl.VehSensor_FCAM.Obj.0.ObjID'
ERROR		FMU 'CM_ACCController_V17', FMUIn.Camera.Obj0.Type: No such source quantity 'Sensor.Camera.Vhcl.VehSensor_FCAM.Obj.0.Type'
ERROR		FMU 'CM_ACCController_V17', FMUIn.Camera.Obj0.Confidence: No such source quantity 'Sensor.Camera.Vhcl.VehSensor_FCAM.Obj.0.Confidence'
ERROR		FMU 'CM_ACCController_V17', FMUIn.Camera.Obj0.Facing: No such source quantity 'Sensor.Camera.Vhcl.VehSensor_FCAM.Obj.0.Facing'
ERROR		FMU 'CM_ACCController_V17', FMUIn.Camera.Obj0.MBR.BL_X: No such source quantity 'Sensor.Camera.Vhcl.VehSensor_FCAM.Obj.0.MBR.BL_X'
ERROR		FMU 'CM_ACCController_V17', FMUIn.Camera.Obj0.MBR.BL_Y: No such source quantity 'Sensor.Camera.Vhcl.VehSensor_FCAM.Obj.0.MBR.BL_Y'
ERROR		FMU 'CM_ACCController_V17', FMUIn.Camera.Obj0.MBR.BL_Z: No such source quantity 'Sensor.Camera.Vhcl.VehSensor_FCAM.Obj.0.MBR.BL_Z'
ERROR		FMU 'CM_ACCController_V17', FMUIn.Camera.Obj0.MBR.TR_X: No such source quantity 'Sensor.Camera.Vhcl.VehSensor_FCAM.Obj.0.MBR.TR_X'
ERROR		FMU 'CM_ACCController_V17', FMUIn.Camera.Obj0.MBR.TR_Y: No such source quantity 'Sensor.Camera.Vhcl.VehSensor_FCAM.Obj.0.MBR.TR_Y'
ERROR		FMU 'CM_ACCController_V17', FMUIn.Camera.Obj0.MBR.TR_Z: No such source quantity 'Sensor.Camera.Vhcl.VehSensor_FCAM.Obj.0.MBR.TR_Z'
ERROR		FMU 'CM_ACCController_V17', FMUIn.Camera.Obj1.ObjID: No such source quantity 'Sensor.Camera.Vhcl.VehSensor_FCAM.Obj.1.ObjID'
ERROR		FMU 'CM_ACCController_V17', FMUIn.Camera.Obj1.Type: No such source quantity 'Sensor.Camera.Vhcl.VehSensor_FCAM.Obj.1.Type'
ERROR		FMU 'CM_ACCController_V17', FMUIn.Camera.Obj1.Confidence: No such source quantity 'Sensor.Camera.Vhcl.VehSensor_FCAM.Obj.1.Confidence'
ERROR		FMU 'CM_ACCController_V17', FMUIn.Camera.Obj1.Facing: No such source quantity 'Sensor.Camera.Vhcl.VehSensor_FCAM.Obj.1.Facing'
ERROR		FMU 'CM_ACCController_V17', FMUIn.Camera.Obj1.MBR.BL_X: No such source quantity 'Sensor.Camera.Vhcl.VehSensor_FCAM.Obj.1.MBR.BL_X'
ERROR		FMU 'CM_ACCController_V17', FMUIn.Camera.Obj1.MBR.BL_Y: No such source quantity 'Sensor.Camera.Vhcl.VehSensor_FCAM.Obj.1.MBR.BL_Y'
ERROR		FMU 'CM_ACCController_V17', FMUIn.Camera.Obj1.MBR.BL_Z: No such source quantity 'Sensor.Camera.Vhcl.VehSensor_FCAM.Obj.1.MBR.BL_Z'
ERROR		FMU 'CM_ACCController_V17', FMUIn.Camera.Obj1.MBR.TR_X: No such source quantity 'Sensor.Camera.Vhcl.VehSensor_FCAM.Obj.1.MBR.TR_X'
ERROR		FMU 'CM_ACCController_V17', FMUIn.Camera.Obj1.MBR.TR_Y: No such source quantity 'Sensor.Camera.Vhcl.VehSensor_FCAM.Obj.1.MBR.TR_Y'
ERROR		FMU 'CM_ACCController_V17', FMUIn.Camera.Obj1.MBR.TR_Z: No such source quantity 'Sensor.Camera.Vhcl.VehSensor_FCAM.Obj.1.MBR.TR_Z'
ERROR		FMU 'CM_ACCController_V17', FMUIn.Camera.Obj2.ObjID: No such source quantity 'Sensor.Camera.Vhcl.VehSensor_FCAM.Obj.2.ObjID'
ERROR		FMU 'CM_ACCController_V17', FMUIn.Camera.Obj2.Type: No such source quantity 'Sensor.Camera.Vhcl.VehSensor_FCAM.Obj.2.Type'
ERROR		FMU 'CM_ACCController_V17', FMUIn.Camera.Obj2.Confidence: No such source quantity 'Sensor.Camera.Vhcl.VehSensor_FCAM.Obj.2.Confidence'
ERROR		FMU 'CM_ACCController_V17', FMUIn.Camera.Obj2.Facing: No such source quantity 'Sensor.Camera.Vhcl.VehSensor_FCAM.Obj.2.Facing'
ERROR		FMU 'CM_ACCController_V17', FMUIn.Camera.Obj2.MBR.BL_X: No such source quantity 'Sensor.Camera.Vhcl.VehSensor_FCAM.Obj.2.MBR.BL_X'
ERROR		FMU 'CM_ACCController_V17', FMUIn.Camera.Obj2.MBR.BL_Y: No such source quantity 'Sensor.Camera.Vhcl.VehSensor_FCAM.Obj.2.MBR.BL_Y'
ERROR		FMU 'CM_ACCController_V17', FMUIn.Camera.Obj2.MBR.BL_Z: No such source quantity 'Sensor.Camera.Vhcl.VehSensor_FCAM.Obj.2.MBR.BL_Z'
ERROR		FMU 'CM_ACCController_V17', FMUIn.Camera.Obj2.MBR.TR_X: No such source quantity 'Sensor.Camera.Vhcl.VehSensor_FCAM.Obj.2.MBR.TR_X'
ERROR		FMU 'CM_ACCController_V17', FMUIn.Camera.Obj2.MBR.TR_Y: No such source quantity 'Sensor.Camera.Vhcl.VehSensor_FCAM.Obj.2.MBR.TR_Y'
ERROR		FMU 'CM_ACCController_V17', FMUIn.Camera.Obj2.MBR.TR_Z: No such source quantity 'Sensor.Camera.Vhcl.VehSensor_FCAM.Obj.2.MBR.TR_Z'
ERROR		FMU 'CM_ACCController_V17', FMUIn.Camera.Obj3.ObjID: No such source quantity 'Sensor.Camera.Vhcl.VehSensor_FCAM.Obj.3.ObjID'
ERROR		FMU 'CM_ACCController_V17', FMUIn.Camera.Obj3.Type: No such source quantity 'Sensor.Camera.Vhcl.VehSensor_FCAM.Obj.3.Type'
ERROR		FMU 'CM_ACCController_V17', FMUIn.Camera.Obj3.Confidence: No such source quantity 'Sensor.Camera.Vhcl.VehSensor_FCAM.Obj.3.Confidence'
ERROR		FMU 'CM_ACCController_V17', FMUIn.Camera.Obj3.Facing: No such source quantity 'Sensor.Camera.Vhcl.VehSensor_FCAM.Obj.3.Facing'
ERROR		FMU 'CM_ACCController_V17', FMUIn.Camera.Obj3.MBR.BL_X: No such source quantity 'Sensor.Camera.Vhcl.VehSensor_FCAM.Obj.3.MBR.BL_X'
ERROR		FMU 'CM_ACCController_V17', FMUIn.Camera.Obj3.MBR.BL_Y: No such source quantity 'Sensor.Camera.Vhcl.VehSensor_FCAM.Obj.3.MBR.BL_Y'
ERROR		FMU 'CM_ACCController_V17', FMUIn.Camera.Obj3.MBR.BL_Z: No such source quantity 'Sensor.Camera.Vhcl.VehSensor_FCAM.Obj.3.MBR.BL_Z'
ERROR		FMU 'CM_ACCController_V17', FMUIn.Camera.Obj3.MBR.TR_X: No such source quantity 'Sensor.Camera.Vhcl.VehSensor_FCAM.Obj.3.MBR.TR_X'
ERROR		FMU 'CM_ACCController_V17', FMUIn.Camera.Obj3.MBR.TR_Y: No such source quantity 'Sensor.Camera.Vhcl.VehSensor_FCAM.Obj.3.MBR.TR_Y'
ERROR		FMU 'CM_ACCController_V17', FMUIn.Camera.Obj3.MBR.TR_Z: No such source quantity 'Sensor.Camera.Vhcl.VehSensor_FCAM.Obj.3.MBR.TR_Z'
ERROR		FMU 'CM_ACCController_V17', FMUIn.Camera.Obj4.ObjID: No such source quantity 'Sensor.Camera.Vhcl.VehSensor_FCAM.Obj.4.ObjID'
ERROR		FMU 'CM_ACCController_V17', FMUIn.Camera.Obj4.Type: No such source quantity 'Sensor.Camera.Vhcl.VehSensor_FCAM.Obj.4.Type'
ERROR		FMU 'CM_ACCController_V17', FMUIn.Camera.Obj4.Confidence: No such source quantity 'Sensor.Camera.Vhcl.VehSensor_FCAM.Obj.4.Confidence'
ERROR		FMU 'CM_ACCController_V17', FMUIn.Camera.Obj4.Facing: No such source quantity 'Sensor.Camera.Vhcl.VehSensor_FCAM.Obj.4.Facing'
ERROR		FMU 'CM_ACCController_V17', FMUIn.Camera.Obj4.MBR.BL_X: No such source quantity 'Sensor.Camera.Vhcl.VehSensor_FCAM.Obj.4.MBR.BL_X'
ERROR		FMU 'CM_ACCController_V17', FMUIn.Camera.Obj4.MBR.BL_Y: No such source quantity 'Sensor.Camera.Vhcl.VehSensor_FCAM.Obj.4.MBR.BL_Y'
ERROR		FMU 'CM_ACCController_V17', FMUIn.Camera.Obj4.MBR.BL_Z: No such source quantity 'Sensor.Camera.Vhcl.VehSensor_FCAM.Obj.4.MBR.BL_Z'
ERROR		FMU 'CM_ACCController_V17', FMUIn.Camera.Obj4.MBR.TR_X: No such source quantity 'Sensor.Camera.Vhcl.VehSensor_FCAM.Obj.4.MBR.TR_X'
ERROR		FMU 'CM_ACCController_V17', FMUIn.Camera.Obj4.MBR.TR_Y: No such source quantity 'Sensor.Camera.Vhcl.VehSensor_FCAM.Obj.4.MBR.TR_Y'
ERROR		FMU 'CM_ACCController_V17', FMUIn.Camera.Obj4.MBR.TR_Z: No such source quantity 'Sensor.Camera.Vhcl.VehSensor_FCAM.Obj.4.MBR.TR_Z'
ERROR		FMU 'CM_ACCController_V17', FMUIn.Camera.Obj5.ObjID: No such source quantity 'Sensor.Camera.Vhcl.VehSensor_FCAM.Obj.5.ObjID'
ERROR		FMU 'CM_ACCController_V17', FMUIn.Camera.Obj5.Type: No such source quantity 'Sensor.Camera.Vhcl.VehSensor_FCAM.Obj.5.Type'
ERROR		FMU 'CM_ACCController_V17', FMUIn.Camera.Obj5.Confidence: No such source quantity 'Sensor.Camera.Vhcl.VehSensor_FCAM.Obj.5.Confidence'
ERROR		FMU 'CM_ACCController_V17', FMUIn.Camera.Obj5.Facing: No such source quantity 'Sensor.Camera.Vhcl.VehSensor_FCAM.Obj.5.Facing'
ERROR		FMU 'CM_ACCController_V17', FMUIn.Camera.Obj5.MBR.BL_X: No such source quantity 'Sensor.Camera.Vhcl.VehSensor_FCAM.Obj.5.MBR.BL_X'
ERROR		FMU 'CM_ACCController_V17', FMUIn.Camera.Obj5.MBR.BL_Y: No such source quantity 'Sensor.Camera.Vhcl.VehSensor_FCAM.Obj.5.MBR.BL_Y'
ERROR		FMU 'CM_ACCController_V17', FMUIn.Camera.Obj5.MBR.BL_Z: No such source quantity 'Sensor.Camera.Vhcl.VehSensor_FCAM.Obj.5.MBR.BL_Z'
ERROR		FMU 'CM_ACCController_V17', FMUIn.Camera.Obj5.MBR.TR_X: No such source quantity 'Sensor.Camera.Vhcl.VehSensor_FCAM.Obj.5.MBR.TR_X'
ERROR		FMU 'CM_ACCController_V17', FMUIn.Camera.Obj5.MBR.TR_Y: No such source quantity 'Sensor.Camera.Vhcl.VehSensor_FCAM.Obj.5.MBR.TR_Y'
ERROR		FMU 'CM_ACCController_V17', FMUIn.Camera.Obj5.MBR.TR_Z: No such source quantity 'Sensor.Camera.Vhcl.VehSensor_FCAM.Obj.5.MBR.TR_Z'
ERROR		FMU 'CM_ACCController_V17', FMUIn.Radar.Obj0.MeasStat: No such source quantity 'Sensor.Radar.Vhcl.VehSensor_MRR.Obj0.MeasStat'
ERROR		FMU 'CM_ACCController_V17', FMUIn.Radar.Obj0.ObjID: No such source quantity 'Sensor.Radar.Vhcl.VehSensor_MRR.Obj0.ObjId'
ERROR		FMU 'CM_ACCController_V17', FMUIn.Radar.Obj0.DistX: No such source quantity 'Sensor.Radar.Vhcl.VehSensor_MRR.Obj0.DistX'
ERROR		FMU 'CM_ACCController_V17', FMUIn.Radar.Obj0.DistY: No such source quantity 'Sensor.Radar.Vhcl.VehSensor_MRR.Obj0.DistY'
ERROR		FMU 'CM_ACCController_V17', FMUIn.Radar.Obj0.VrelX: No such source quantity 'Sensor.Radar.Vhcl.VehSensor_MRR.Obj0.VrelX'
ERROR		FMU 'CM_ACCController_V17', FMUIn.Radar.Obj0.ProbExist: No such source quantity 'Sensor.Radar.Vhcl.VehSensor_MRR.Obj0.ProbExist'
ERROR		FMU 'CM_ACCController_V17', FMUIn.Radar.Obj0.DynProp: No such source quantity 'Sensor.Radar.Vhcl.VehSensor_MRR.Obj0.DynProp'
ERROR		FMU 'CM_ACCController_V17', FMUIn.Radar.Obj1.MeasStat: No such source quantity 'Sensor.Radar.Vhcl.VehSensor_MRR.Obj1.MeasStat'
ERROR		FMU 'CM_ACCController_V17', FMUIn.Radar.Obj1.ObjID: No such source quantity 'Sensor.Radar.Vhcl.VehSensor_MRR.Obj1.ObjId'
ERROR		FMU 'CM_ACCController_V17', FMUIn.Radar.Obj1.DistX: No such source quantity 'Sensor.Radar.Vhcl.VehSensor_MRR.Obj1.DistX'
ERROR		FMU 'CM_ACCController_V17', FMUIn.Radar.Obj1.DistY: No such source quantity 'Sensor.Radar.Vhcl.VehSensor_MRR.Obj1.DistY'
ERROR		FMU 'CM_ACCController_V17', FMUIn.Radar.Obj1.VrelX: No such source quantity 'Sensor.Radar.Vhcl.VehSensor_MRR.Obj1.VrelX'
ERROR		FMU 'CM_ACCController_V17', FMUIn.Radar.Obj1.ProbExist: No such source quantity 'Sensor.Radar.Vhcl.VehSensor_MRR.Obj1.ProbExist'
ERROR		FMU 'CM_ACCController_V17', FMUIn.Radar.Obj1.DynProp: No such source quantity 'Sensor.Radar.Vhcl.VehSensor_MRR.Obj1.DynProp'
ERROR		FMU 'CM_ACCController_V17', FMUIn.Radar.Obj2.MeasStat: No such source quantity 'Sensor.Radar.Vhcl.VehSensor_MRR.Obj2.MeasStat'
ERROR		FMU 'CM_ACCController_V17', FMUIn.Radar.Obj2.ObjID: No such source quantity 'Sensor.Radar.Vhcl.VehSensor_MRR.Obj2.ObjId'
ERROR		FMU 'CM_ACCController_V17', FMUIn.Radar.Obj2.DistX: No such source quantity 'Sensor.Radar.Vhcl.VehSensor_MRR.Obj2.DistX'
ERROR		FMU 'CM_ACCController_V17', FMUIn.Radar.Obj2.DistY: No such source quantity 'Sensor.Radar.Vhcl.VehSensor_MRR.Obj2.DistY'
ERROR		FMU 'CM_ACCController_V17', FMUIn.Radar.Obj2.VrelX: No such source quantity 'Sensor.Radar.Vhcl.VehSensor_MRR.Obj2.VrelX'
ERROR		FMU 'CM_ACCController_V17', FMUIn.Radar.Obj2.ProbExist: No such source quantity 'Sensor.Radar.Vhcl.VehSensor_MRR.Obj2.ProbExist'
ERROR		FMU 'CM_ACCController_V17', FMUIn.Radar.Obj2.DynProp: No such source quantity 'Sensor.Radar.Vhcl.VehSensor_MRR.Obj2.DynProp'
ERROR		FMU 'CM_ACCController_V17', FMUIn.Radar.Obj3.MeasStat: No such source quantity 'Sensor.Radar.Vhcl.VehSensor_MRR.Obj3.MeasStat'
ERROR		FMU 'CM_ACCController_V17', FMUIn.Radar.Obj3.ObjID: No such source quantity 'Sensor.Radar.Vhcl.VehSensor_MRR.Obj3.ObjId'
ERROR		FMU 'CM_ACCController_V17', FMUIn.Radar.Obj3.DistX: No such source quantity 'Sensor.Radar.Vhcl.VehSensor_MRR.Obj3.DistX'
ERROR		FMU 'CM_ACCController_V17', FMUIn.Radar.Obj3.DistY: No such source quantity 'Sensor.Radar.Vhcl.VehSensor_MRR.Obj3.DistY'
ERROR		FMU 'CM_ACCController_V17', FMUIn.Radar.Obj3.VrelX: No such source quantity 'Sensor.Radar.Vhcl.VehSensor_MRR.Obj3.VrelX'
ERROR		FMU 'CM_ACCController_V17', FMUIn.Radar.Obj3.ProbExist: No such source quantity 'Sensor.Radar.Vhcl.VehSensor_MRR.Obj3.ProbExist'
ERROR		FMU 'CM_ACCController_V17', FMUIn.Radar.Obj3.DynProp: No such source quantity 'Sensor.Radar.Vhcl.VehSensor_MRR.Obj3.DynProp'
ERROR		FMU 'CM_ACCController_V17', FMUIn.Radar.Obj4.MeasStat: No such source quantity 'Sensor.Radar.Vhcl.VehSensor_MRR.Obj4.MeasStat'
ERROR		FMU 'CM_ACCController_V17', FMUIn.Radar.Obj4.ObjID: No such source quantity 'Sensor.Radar.Vhcl.VehSensor_MRR.Obj4.ObjId'
ERROR		FMU 'CM_ACCController_V17', FMUIn.Radar.Obj4.DistX: No such source quantity 'Sensor.Radar.Vhcl.VehSensor_MRR.Obj4.DistX'
ERROR		FMU 'CM_ACCController_V17', FMUIn.Radar.Obj4.DistY: No such source quantity 'Sensor.Radar.Vhcl.VehSensor_MRR.Obj4.DistY'
ERROR		FMU 'CM_ACCController_V17', FMUIn.Radar.Obj4.VrelX: No such source quantity 'Sensor.Radar.Vhcl.VehSensor_MRR.Obj4.VrelX'
ERROR		FMU 'CM_ACCController_V17', FMUIn.Radar.Obj4.ProbExist: No such source quantity 'Sensor.Radar.Vhcl.VehSensor_MRR.Obj4.ProbExist'
ERROR		FMU 'CM_ACCController_V17', FMUIn.Radar.Obj4.DynProp: No such source quantity 'Sensor.Radar.Vhcl.VehSensor_MRR.Obj4.DynProp'
ERROR		FMU 'CM_ACCController_V17', FMUIn.Radar.Obj5.MeasStat: No such source quantity 'Sensor.Radar.Vhcl.VehSensor_MRR.Obj5.MeasStat'
ERROR		FMU 'CM_ACCController_V17', FMUIn.Radar.Obj5.ObjID: No such source quantity 'Sensor.Radar.Vhcl.VehSensor_MRR.Obj5.ObjId'
ERROR		FMU 'CM_ACCController_V17', FMUIn.Radar.Obj5.DistX: No such source quantity 'Sensor.Radar.Vhcl.VehSensor_MRR.Obj5.DistX'
ERROR		FMU 'CM_ACCController_V17', FMUIn.Radar.Obj5.DistY: No such source quantity 'Sensor.Radar.Vhcl.VehSensor_MRR.Obj5.DistY'
ERROR		FMU 'CM_ACCController_V17', FMUIn.Radar.Obj5.VrelX: No such source quantity 'Sensor.Radar.Vhcl.VehSensor_MRR.Obj5.VrelX'
ERROR		FMU 'CM_ACCController_V17', FMUIn.Radar.Obj5.ProbExist: No such source quantity 'Sensor.Radar.Vhcl.VehSensor_MRR.Obj5.ProbExist'
ERROR		FMU 'CM_ACCController_V17', FMUIn.Radar.Obj5.DynProp: No such source quantity 'Sensor.Radar.Vhcl.VehSensor_MRR.Obj5.DynProp'
ERROR		FMU 'CM_ACCController_V17', DDict.AccelCtrl.ACC.DesiredAx: No such destination quantity
ERROR		FMU 'CM_ACCController_V17', DDict.AccelCtrl.ACC.DesiredDist: No such destination quantity
ERROR		FMU 'CM_ACCController_V17', DDict.AccelCtrl.ACC.DesiredSpd: No such destination quantity
ERROR		FMU 'CM_ACCController_V17', DDict.AccelCtrl.ACC.DesiredTGap: No such destination quantity
ERROR		FMU 'CM_ACCController_V17', DDict.AccelCtrl.ACC.IsActive: No such destination quantity
ERROR		FMU 'CM_ACCController_V17', DDict.AccelCtrl.ACC.Time2Collision: No such destination quantity
ERROR		FMU 'CM_ACCController_V17', DDict.AccelCtrl.DesiredAx: No such destination quantity
SIM_START	OSC_Imported/longitudinal_feature/ACC/acc_csc_001	2026-06-29 17:30:04
TIME	0.314
WARNING		FMU: Sending all FMU log output to file 'FMU_20260629-173004.log'
TIME	0.005
		Road Sensor: evaluation of route/path disabled (works only on route)
WARNING		FMU 'CM_ACCController_V17': Debug logging enabled
		Current random seed value = 1782729004
ERROR		TestManagerCmds: unknown var "Debug.EffectiveTimeGap"
ERROR		TestManagerCmds: unknown var "Debug.Target.DistX"
ERROR		TestManagerCmds: unknown var "Debug.SafeDistance"
ERROR		TestManagerCmds: unknown var "Debug.Target.DistX"
ERROR		TestManagerCmds: unknown var "Debug.Target.DistX"
SIM_ABORT	OSC_Imported/longitudinal_feature/ACC/acc_csc_001	0s	0m
ERROR		FMU 'CM_ACCController_V17', FMUIn.Camera.nObj: No such source quantity 'Sensor.Camera.Vhcl.VehSensor_FCAM.nObj'
ERROR		FMU 'CM_ACCController_V17', FMUIn.Camera.Obj0.ObjID: No such source quantity 'Sensor.Camera.Vhcl.VehSensor_FCAM.Obj.0.ObjID'
ERROR		FMU 'CM_ACCController_V17', FMUIn.Camera.Obj0.Type: No such source quantity 'Sensor.Camera.Vhcl.VehSensor_FCAM.Obj.0.Type'
ERROR		FMU 'CM_ACCController_V17', FMUIn.Camera.Obj0.Confidence: No such source quantity 'Sensor.Camera.Vhcl.VehSensor_FCAM.Obj.0.Confidence'
ERROR		FMU 'CM_ACCController_V17', FMUIn.Camera.Obj0.Facing: No such source quantity 'Sensor.Camera.Vhcl.VehSensor_FCAM.Obj.0.Facing'
ERROR		FMU 'CM_ACCController_V17', FMUIn.Camera.Obj0.MBR.BL_X: No such source quantity 'Sensor.Camera.Vhcl.VehSensor_FCAM.Obj.0.MBR.BL_X'
ERROR		FMU 'CM_ACCController_V17', FMUIn.Camera.Obj0.MBR.BL_Y: No such source quantity 'Sensor.Camera.Vhcl.VehSensor_FCAM.Obj.0.MBR.BL_Y'
ERROR		FMU 'CM_ACCController_V17', FMUIn.Camera.Obj0.MBR.BL_Z: No such source quantity 'Sensor.Camera.Vhcl.VehSensor_FCAM.Obj.0.MBR.BL_Z'
ERROR		FMU 'CM_ACCController_V17', FMUIn.Camera.Obj0.MBR.TR_X: No such source quantity 'Sensor.Camera.Vhcl.VehSensor_FCAM.Obj.0.MBR.TR_X'
ERROR		FMU 'CM_ACCController_V17', FMUIn.Camera.Obj0.MBR.TR_Y: No such source quantity 'Sensor.Camera.Vhcl.VehSensor_FCAM.Obj.0.MBR.TR_Y'
ERROR		FMU 'CM_ACCController_V17', FMUIn.Camera.Obj0.MBR.TR_Z: No such source quantity 'Sensor.Camera.Vhcl.VehSensor_FCAM.Obj.0.MBR.TR_Z'
ERROR		FMU 'CM_ACCController_V17', FMUIn.Camera.Obj1.ObjID: No such source quantity 'Sensor.Camera.Vhcl.VehSensor_FCAM.Obj.1.ObjID'
ERROR		FMU 'CM_ACCController_V17', FMUIn.Camera.Obj1.Type: No such source quantity 'Sensor.Camera.Vhcl.VehSensor_FCAM.Obj.1.Type'
ERROR		FMU 'CM_ACCController_V17', FMUIn.Camera.Obj1.Confidence: No such source quantity 'Sensor.Camera.Vhcl.VehSensor_FCAM.Obj.1.Confidence'
ERROR		FMU 'CM_ACCController_V17', FMUIn.Camera.Obj1.Facing: No such source quantity 'Sensor.Camera.Vhcl.VehSensor_FCAM.Obj.1.Facing'
ERROR		FMU 'CM_ACCController_V17', FMUIn.Camera.Obj1.MBR.BL_X: No such source quantity 'Sensor.Camera.Vhcl.VehSensor_FCAM.Obj.1.MBR.BL_X'
ERROR		FMU 'CM_ACCController_V17', FMUIn.Camera.Obj1.MBR.BL_Y: No such source quantity 'Sensor.Camera.Vhcl.VehSensor_FCAM.Obj.1.MBR.BL_Y'
ERROR		FMU 'CM_ACCController_V17', FMUIn.Camera.Obj1.MBR.BL_Z: No such source quantity 'Sensor.Camera.Vhcl.VehSensor_FCAM.Obj.1.MBR.BL_Z'
ERROR		FMU 'CM_ACCController_V17', FMUIn.Camera.Obj1.MBR.TR_X: No such source quantity 'Sensor.Camera.Vhcl.VehSensor_FCAM.Obj.1.MBR.TR_X'
ERROR		FMU 'CM_ACCController_V17', FMUIn.Camera.Obj1.MBR.TR_Y: No such source quantity 'Sensor.Camera.Vhcl.VehSensor_FCAM.Obj.1.MBR.TR_Y'
ERROR		FMU 'CM_ACCController_V17', FMUIn.Camera.Obj1.MBR.TR_Z: No such source quantity 'Sensor.Camera.Vhcl.VehSensor_FCAM.Obj.1.MBR.TR_Z'
ERROR		FMU 'CM_ACCController_V17', FMUIn.Camera.Obj2.ObjID: No such source quantity 'Sensor.Camera.Vhcl.VehSensor_FCAM.Obj.2.ObjID'
ERROR		FMU 'CM_ACCController_V17', FMUIn.Camera.Obj2.Type: No such source quantity 'Sensor.Camera.Vhcl.VehSensor_FCAM.Obj.2.Type'
ERROR		FMU 'CM_ACCController_V17', FMUIn.Camera.Obj2.Confidence: No such source quantity 'Sensor.Camera.Vhcl.VehSensor_FCAM.Obj.2.Confidence'
ERROR		FMU 'CM_ACCController_V17', FMUIn.Camera.Obj2.Facing: No such source quantity 'Sensor.Camera.Vhcl.VehSensor_FCAM.Obj.2.Facing'
ERROR		FMU 'CM_ACCController_V17', FMUIn.Camera.Obj2.MBR.BL_X: No such source quantity 'Sensor.Camera.Vhcl.VehSensor_FCAM.Obj.2.MBR.BL_X'
ERROR		FMU 'CM_ACCController_V17', FMUIn.Camera.Obj2.MBR.BL_Y: No such source quantity 'Sensor.Camera.Vhcl.VehSensor_FCAM.Obj.2.MBR.BL_Y'
ERROR		FMU 'CM_ACCController_V17', FMUIn.Camera.Obj2.MBR.BL_Z: No such source quantity 'Sensor.Camera.Vhcl.VehSensor_FCAM.Obj.2.MBR.BL_Z'
ERROR		FMU 'CM_ACCController_V17', FMUIn.Camera.Obj2.MBR.TR_X: No such source quantity 'Sensor.Camera.Vhcl.VehSensor_FCAM.Obj.2.MBR.TR_X'
ERROR		FMU 'CM_ACCController_V17', FMUIn.Camera.Obj2.MBR.TR_Y: No such source quantity 'Sensor.Camera.Vhcl.VehSensor_FCAM.Obj.2.MBR.TR_Y'
ERROR		FMU 'CM_ACCController_V17', FMUIn.Camera.Obj2.MBR.TR_Z: No such source quantity 'Sensor.Camera.Vhcl.VehSensor_FCAM.Obj.2.MBR.TR_Z'
ERROR		FMU 'CM_ACCController_V17', FMUIn.Camera.Obj3.ObjID: No such source quantity 'Sensor.Camera.Vhcl.VehSensor_FCAM.Obj.3.ObjID'
ERROR		FMU 'CM_ACCController_V17', FMUIn.Camera.Obj3.Type: No such source quantity 'Sensor.Camera.Vhcl.VehSensor_FCAM.Obj.3.Type'
ERROR		FMU 'CM_ACCController_V17', FMUIn.Camera.Obj3.Confidence: No such source quantity 'Sensor.Camera.Vhcl.VehSensor_FCAM.Obj.3.Confidence'
ERROR		FMU 'CM_ACCController_V17', FMUIn.Camera.Obj3.Facing: No such source quantity 'Sensor.Camera.Vhcl.VehSensor_FCAM.Obj.3.Facing'
ERROR		FMU 'CM_ACCController_V17', FMUIn.Camera.Obj3.MBR.BL_X: No such source quantity 'Sensor.Camera.Vhcl.VehSensor_FCAM.Obj.3.MBR.BL_X'
ERROR		FMU 'CM_ACCController_V17', FMUIn.Camera.Obj3.MBR.BL_Y: No such source quantity 'Sensor.Camera.Vhcl.VehSensor_FCAM.Obj.3.MBR.BL_Y'
ERROR		FMU 'CM_ACCController_V17', FMUIn.Camera.Obj3.MBR.BL_Z: No such source quantity 'Sensor.Camera.Vhcl.VehSensor_FCAM.Obj.3.MBR.BL_Z'
ERROR		FMU 'CM_ACCController_V17', FMUIn.Camera.Obj3.MBR.TR_X: No such source quantity 'Sensor.Camera.Vhcl.VehSensor_FCAM.Obj.3.MBR.TR_X'
ERROR		FMU 'CM_ACCController_V17', FMUIn.Camera.Obj3.MBR.TR_Y: No such source quantity 'Sensor.Camera.Vhcl.VehSensor_FCAM.Obj.3.MBR.TR_Y'
ERROR		FMU 'CM_ACCController_V17', FMUIn.Camera.Obj3.MBR.TR_Z: No such source quantity 'Sensor.Camera.Vhcl.VehSensor_FCAM.Obj.3.MBR.TR_Z'
ERROR		FMU 'CM_ACCController_V17', FMUIn.Camera.Obj4.ObjID: No such source quantity 'Sensor.Camera.Vhcl.VehSensor_FCAM.Obj.4.ObjID'
ERROR		FMU 'CM_ACCController_V17', FMUIn.Camera.Obj4.Type: No such source quantity 'Sensor.Camera.Vhcl.VehSensor_FCAM.Obj.4.Type'
ERROR		FMU 'CM_ACCController_V17', FMUIn.Camera.Obj4.Confidence: No such source quantity 'Sensor.Camera.Vhcl.VehSensor_FCAM.Obj.4.Confidence'
ERROR		FMU 'CM_ACCController_V17', FMUIn.Camera.Obj4.Facing: No such source quantity 'Sensor.Camera.Vhcl.VehSensor_FCAM.Obj.4.Facing'
ERROR		FMU 'CM_ACCController_V17', FMUIn.Camera.Obj4.MBR.BL_X: No such source quantity 'Sensor.Camera.Vhcl.VehSensor_FCAM.Obj.4.MBR.BL_X'
ERROR		FMU 'CM_ACCController_V17', FMUIn.Camera.Obj4.MBR.BL_Y: No such source quantity 'Sensor.Camera.Vhcl.VehSensor_FCAM.Obj.4.MBR.BL_Y'
ERROR		FMU 'CM_ACCController_V17', FMUIn.Camera.Obj4.MBR.BL_Z: No such source quantity 'Sensor.Camera.Vhcl.VehSensor_FCAM.Obj.4.MBR.BL_Z'
ERROR		FMU 'CM_ACCController_V17', FMUIn.Camera.Obj4.MBR.TR_X: No such source quantity 'Sensor.Camera.Vhcl.VehSensor_FCAM.Obj.4.MBR.TR_X'
ERROR		FMU 'CM_ACCController_V17', FMUIn.Camera.Obj4.MBR.TR_Y: No such source quantity 'Sensor.Camera.Vhcl.VehSensor_FCAM.Obj.4.MBR.TR_Y'
ERROR		FMU 'CM_ACCController_V17', FMUIn.Camera.Obj4.MBR.TR_Z: No such source quantity 'Sensor.Camera.Vhcl.VehSensor_FCAM.Obj.4.MBR.TR_Z'
ERROR		FMU 'CM_ACCController_V17', FMUIn.Camera.Obj5.ObjID: No such source quantity 'Sensor.Camera.Vhcl.VehSensor_FCAM.Obj.5.ObjID'
ERROR		FMU 'CM_ACCController_V17', FMUIn.Camera.Obj5.Type: No such source quantity 'Sensor.Camera.Vhcl.VehSensor_FCAM.Obj.5.Type'
ERROR		FMU 'CM_ACCController_V17', FMUIn.Camera.Obj5.Confidence: No such source quantity 'Sensor.Camera.Vhcl.VehSensor_FCAM.Obj.5.Confidence'
ERROR		FMU 'CM_ACCController_V17', FMUIn.Camera.Obj5.Facing: No such source quantity 'Sensor.Camera.Vhcl.VehSensor_FCAM.Obj.5.Facing'
ERROR		FMU 'CM_ACCController_V17', FMUIn.Camera.Obj5.MBR.BL_X: No such source quantity 'Sensor.Camera.Vhcl.VehSensor_FCAM.Obj.5.MBR.BL_X'
ERROR		FMU 'CM_ACCController_V17', FMUIn.Camera.Obj5.MBR.BL_Y: No such source quantity 'Sensor.Camera.Vhcl.VehSensor_FCAM.Obj.5.MBR.BL_Y'
ERROR		FMU 'CM_ACCController_V17', FMUIn.Camera.Obj5.MBR.BL_Z: No such source quantity 'Sensor.Camera.Vhcl.VehSensor_FCAM.Obj.5.MBR.BL_Z'
ERROR		FMU 'CM_ACCController_V17', FMUIn.Camera.Obj5.MBR.TR_X: No such source quantity 'Sensor.Camera.Vhcl.VehSensor_FCAM.Obj.5.MBR.TR_X'
ERROR		FMU 'CM_ACCController_V17', FMUIn.Camera.Obj5.MBR.TR_Y: No such source quantity 'Sensor.Camera.Vhcl.VehSensor_FCAM.Obj.5.MBR.TR_Y'
ERROR		FMU 'CM_ACCController_V17', FMUIn.Camera.Obj5.MBR.TR_Z: No such source quantity 'Sensor.Camera.Vhcl.VehSensor_FCAM.Obj.5.MBR.TR_Z'
ERROR		FMU 'CM_ACCController_V17', FMUIn.Radar.Obj0.MeasStat: No such source quantity 'Sensor.Radar.Vhcl.VehSensor_MRR.Obj0.MeasStat'
ERROR		FMU 'CM_ACCController_V17', FMUIn.Radar.Obj0.ObjID: No such source quantity 'Sensor.Radar.Vhcl.VehSensor_MRR.Obj0.ObjId'
ERROR		FMU 'CM_ACCController_V17', FMUIn.Radar.Obj0.DistX: No such source quantity 'Sensor.Radar.Vhcl.VehSensor_MRR.Obj0.DistX'
ERROR		FMU 'CM_ACCController_V17', FMUIn.Radar.Obj0.DistY: No such source quantity 'Sensor.Radar.Vhcl.VehSensor_MRR.Obj0.DistY'
ERROR		FMU 'CM_ACCController_V17', FMUIn.Radar.Obj0.VrelX: No such source quantity 'Sensor.Radar.Vhcl.VehSensor_MRR.Obj0.VrelX'
ERROR		FMU 'CM_ACCController_V17', FMUIn.Radar.Obj0.ProbExist: No such source quantity 'Sensor.Radar.Vhcl.VehSensor_MRR.Obj0.ProbExist'
ERROR		FMU 'CM_ACCController_V17', FMUIn.Radar.Obj0.DynProp: No such source quantity 'Sensor.Radar.Vhcl.VehSensor_MRR.Obj0.DynProp'
ERROR		FMU 'CM_ACCController_V17', FMUIn.Radar.Obj1.MeasStat: No such source quantity 'Sensor.Radar.Vhcl.VehSensor_MRR.Obj1.MeasStat'
ERROR		FMU 'CM_ACCController_V17', FMUIn.Radar.Obj1.ObjID: No such source quantity 'Sensor.Radar.Vhcl.VehSensor_MRR.Obj1.ObjId'
ERROR		FMU 'CM_ACCController_V17', FMUIn.Radar.Obj1.DistX: No such source quantity 'Sensor.Radar.Vhcl.VehSensor_MRR.Obj1.DistX'
ERROR		FMU 'CM_ACCController_V17', FMUIn.Radar.Obj1.DistY: No such source quantity 'Sensor.Radar.Vhcl.VehSensor_MRR.Obj1.DistY'
ERROR		FMU 'CM_ACCController_V17', FMUIn.Radar.Obj1.VrelX: No such source quantity 'Sensor.Radar.Vhcl.VehSensor_MRR.Obj1.VrelX'
ERROR		FMU 'CM_ACCController_V17', FMUIn.Radar.Obj1.ProbExist: No such source quantity 'Sensor.Radar.Vhcl.VehSensor_MRR.Obj1.ProbExist'
ERROR		FMU 'CM_ACCController_V17', FMUIn.Radar.Obj1.DynProp: No such source quantity 'Sensor.Radar.Vhcl.VehSensor_MRR.Obj1.DynProp'
ERROR		FMU 'CM_ACCController_V17', FMUIn.Radar.Obj2.MeasStat: No such source quantity 'Sensor.Radar.Vhcl.VehSensor_MRR.Obj2.MeasStat'
ERROR		FMU 'CM_ACCController_V17', FMUIn.Radar.Obj2.ObjID: No such source quantity 'Sensor.Radar.Vhcl.VehSensor_MRR.Obj2.ObjId'
ERROR		FMU 'CM_ACCController_V17', FMUIn.Radar.Obj2.DistX: No such source quantity 'Sensor.Radar.Vhcl.VehSensor_MRR.Obj2.DistX'
ERROR		FMU 'CM_ACCController_V17', FMUIn.Radar.Obj2.DistY: No such source quantity 'Sensor.Radar.Vhcl.VehSensor_MRR.Obj2.DistY'
ERROR		FMU 'CM_ACCController_V17', FMUIn.Radar.Obj2.VrelX: No such source quantity 'Sensor.Radar.Vhcl.VehSensor_MRR.Obj2.VrelX'
ERROR		FMU 'CM_ACCController_V17', FMUIn.Radar.Obj2.ProbExist: No such source quantity 'Sensor.Radar.Vhcl.VehSensor_MRR.Obj2.ProbExist'
ERROR		FMU 'CM_ACCController_V17', FMUIn.Radar.Obj2.DynProp: No such source quantity 'Sensor.Radar.Vhcl.VehSensor_MRR.Obj2.DynProp'
ERROR		FMU 'CM_ACCController_V17', FMUIn.Radar.Obj3.MeasStat: No such source quantity 'Sensor.Radar.Vhcl.VehSensor_MRR.Obj3.MeasStat'
ERROR		FMU 'CM_ACCController_V17', FMUIn.Radar.Obj3.ObjID: No such source quantity 'Sensor.Radar.Vhcl.VehSensor_MRR.Obj3.ObjId'
ERROR		FMU 'CM_ACCController_V17', FMUIn.Radar.Obj3.DistX: No such source quantity 'Sensor.Radar.Vhcl.VehSensor_MRR.Obj3.DistX'
ERROR		FMU 'CM_ACCController_V17', FMUIn.Radar.Obj3.DistY: No such source quantity 'Sensor.Radar.Vhcl.VehSensor_MRR.Obj3.DistY'
ERROR		FMU 'CM_ACCController_V17', FMUIn.Radar.Obj3.VrelX: No such source quantity 'Sensor.Radar.Vhcl.VehSensor_MRR.Obj3.VrelX'
ERROR		FMU 'CM_ACCController_V17', FMUIn.Radar.Obj3.ProbExist: No such source quantity 'Sensor.Radar.Vhcl.VehSensor_MRR.Obj3.ProbExist'
ERROR		FMU 'CM_ACCController_V17', FMUIn.Radar.Obj3.DynProp: No such source quantity 'Sensor.Radar.Vhcl.VehSensor_MRR.Obj3.DynProp'
ERROR		FMU 'CM_ACCController_V17', FMUIn.Radar.Obj4.MeasStat: No such source quantity 'Sensor.Radar.Vhcl.VehSensor_MRR.Obj4.MeasStat'
ERROR		FMU 'CM_ACCController_V17', FMUIn.Radar.Obj4.ObjID: No such source quantity 'Sensor.Radar.Vhcl.VehSensor_MRR.Obj4.ObjId'
ERROR		FMU 'CM_ACCController_V17', FMUIn.Radar.Obj4.DistX: No such source quantity 'Sensor.Radar.Vhcl.VehSensor_MRR.Obj4.DistX'
ERROR		FMU 'CM_ACCController_V17', FMUIn.Radar.Obj4.DistY: No such source quantity 'Sensor.Radar.Vhcl.VehSensor_MRR.Obj4.DistY'
ERROR		FMU 'CM_ACCController_V17', FMUIn.Radar.Obj4.VrelX: No such source quantity 'Sensor.Radar.Vhcl.VehSensor_MRR.Obj4.VrelX'
ERROR		FMU 'CM_ACCController_V17', FMUIn.Radar.Obj4.ProbExist: No such source quantity 'Sensor.Radar.Vhcl.VehSensor_MRR.Obj4.ProbExist'
ERROR		FMU 'CM_ACCController_V17', FMUIn.Radar.Obj4.DynProp: No such source quantity 'Sensor.Radar.Vhcl.VehSensor_MRR.Obj4.DynProp'
ERROR		FMU 'CM_ACCController_V17', FMUIn.Radar.Obj5.MeasStat: No such source quantity 'Sensor.Radar.Vhcl.VehSensor_MRR.Obj5.MeasStat'
ERROR		FMU 'CM_ACCController_V17', FMUIn.Radar.Obj5.ObjID: No such source quantity 'Sensor.Radar.Vhcl.VehSensor_MRR.Obj5.ObjId'
ERROR		FMU 'CM_ACCController_V17', FMUIn.Radar.Obj5.DistX: No such source quantity 'Sensor.Radar.Vhcl.VehSensor_MRR.Obj5.DistX'
ERROR		FMU 'CM_ACCController_V17', FMUIn.Radar.Obj5.DistY: No such source quantity 'Sensor.Radar.Vhcl.VehSensor_MRR.Obj5.DistY'
ERROR		FMU 'CM_ACCController_V17', FMUIn.Radar.Obj5.VrelX: No such source quantity 'Sensor.Radar.Vhcl.VehSensor_MRR.Obj5.VrelX'
ERROR		FMU 'CM_ACCController_V17', FMUIn.Radar.Obj5.ProbExist: No such source quantity 'Sensor.Radar.Vhcl.VehSensor_MRR.Obj5.ProbExist'
ERROR		FMU 'CM_ACCController_V17', FMUIn.Radar.Obj5.DynProp: No such source quantity 'Sensor.Radar.Vhcl.VehSensor_MRR.Obj5.DynProp'
ERROR		FMU 'CM_ACCController_V17', DDict.AccelCtrl.ACC.DesiredAx: No such destination quantity
ERROR		FMU 'CM_ACCController_V17', DDict.AccelCtrl.ACC.DesiredDist: No such destination quantity
ERROR		FMU 'CM_ACCController_V17', DDict.AccelCtrl.ACC.DesiredSpd: No such destination quantity
ERROR		FMU 'CM_ACCController_V17', DDict.AccelCtrl.ACC.DesiredTGap: No such destination quantity
ERROR		FMU 'CM_ACCController_V17', DDict.AccelCtrl.ACC.IsActive: No such destination quantity
ERROR		FMU 'CM_ACCController_V17', DDict.AccelCtrl.ACC.Time2Collision: No such destination quantity
ERROR		FMU 'CM_ACCController_V17', DDict.AccelCtrl.DesiredAx: No such destination quantity
SIM_START	OSC_Imported/longitudinal_feature/ACC/acc_csc_001	2026-06-29 17:30:07
TIME	0.300
WARNING		FMU: Sending all FMU log output to file 'FMU_20260629-173007.log'
TIME	0.002
		Road Sensor: evaluation of route/path disabled (works only on route)
WARNING		FMU 'CM_ACCController_V17': Debug logging enabled
		Current random seed value = 1782729007
ERROR		TestManagerCmds: unknown var "Debug.EffectiveTimeGap"
ERROR		TestManagerCmds: unknown var "Debug.Target.DistX"
ERROR		TestManagerCmds: unknown var "Debug.SafeDistance"
ERROR		TestManagerCmds: unknown var "Debug.Target.DistX"
ERROR		TestManagerCmds: unknown var "Debug.Target.DistX"
SIM_ABORT	OSC_Imported/longitudinal_feature/ACC/acc_csc_001	0s	0m
ERROR		FMU 'CM_ACCController_V17', FMUIn.Camera.nObj: No such source quantity 'Sensor.Camera.Vhcl.VehSensor_FCAM.nObj'
ERROR		FMU 'CM_ACCController_V17', FMUIn.Camera.Obj0.ObjID: No such source quantity 'Sensor.Camera.Vhcl.VehSensor_FCAM.Obj.0.ObjID'
ERROR		FMU 'CM_ACCController_V17', FMUIn.Camera.Obj0.Type: No such source quantity 'Sensor.Camera.Vhcl.VehSensor_FCAM.Obj.0.Type'
ERROR		FMU 'CM_ACCController_V17', FMUIn.Camera.Obj0.Confidence: No such source quantity 'Sensor.Camera.Vhcl.VehSensor_FCAM.Obj.0.Confidence'
ERROR		FMU 'CM_ACCController_V17', FMUIn.Camera.Obj0.Facing: No such source quantity 'Sensor.Camera.Vhcl.VehSensor_FCAM.Obj.0.Facing'
ERROR		FMU 'CM_ACCController_V17', FMUIn.Camera.Obj0.MBR.BL_X: No such source quantity 'Sensor.Camera.Vhcl.VehSensor_FCAM.Obj.0.MBR.BL_X'
ERROR		FMU 'CM_ACCController_V17', FMUIn.Camera.Obj0.MBR.BL_Y: No such source quantity 'Sensor.Camera.Vhcl.VehSensor_FCAM.Obj.0.MBR.BL_Y'
ERROR		FMU 'CM_ACCController_V17', FMUIn.Camera.Obj0.MBR.BL_Z: No such source quantity 'Sensor.Camera.Vhcl.VehSensor_FCAM.Obj.0.MBR.BL_Z'
ERROR		FMU 'CM_ACCController_V17', FMUIn.Camera.Obj0.MBR.TR_X: No such source quantity 'Sensor.Camera.Vhcl.VehSensor_FCAM.Obj.0.MBR.TR_X'
ERROR		FMU 'CM_ACCController_V17', FMUIn.Camera.Obj0.MBR.TR_Y: No such source quantity 'Sensor.Camera.Vhcl.VehSensor_FCAM.Obj.0.MBR.TR_Y'
ERROR		FMU 'CM_ACCController_V17', FMUIn.Camera.Obj0.MBR.TR_Z: No such source quantity 'Sensor.Camera.Vhcl.VehSensor_FCAM.Obj.0.MBR.TR_Z'
ERROR		FMU 'CM_ACCController_V17', FMUIn.Camera.Obj1.ObjID: No such source quantity 'Sensor.Camera.Vhcl.VehSensor_FCAM.Obj.1.ObjID'
ERROR		FMU 'CM_ACCController_V17', FMUIn.Camera.Obj1.Type: No such source quantity 'Sensor.Camera.Vhcl.VehSensor_FCAM.Obj.1.Type'
ERROR		FMU 'CM_ACCController_V17', FMUIn.Camera.Obj1.Confidence: No such source quantity 'Sensor.Camera.Vhcl.VehSensor_FCAM.Obj.1.Confidence'
ERROR		FMU 'CM_ACCController_V17', FMUIn.Camera.Obj1.Facing: No such source quantity 'Sensor.Camera.Vhcl.VehSensor_FCAM.Obj.1.Facing'
ERROR		FMU 'CM_ACCController_V17', FMUIn.Camera.Obj1.MBR.BL_X: No such source quantity 'Sensor.Camera.Vhcl.VehSensor_FCAM.Obj.1.MBR.BL_X'
ERROR		FMU 'CM_ACCController_V17', FMUIn.Camera.Obj1.MBR.BL_Y: No such source quantity 'Sensor.Camera.Vhcl.VehSensor_FCAM.Obj.1.MBR.BL_Y'
ERROR		FMU 'CM_ACCController_V17', FMUIn.Camera.Obj1.MBR.BL_Z: No such source quantity 'Sensor.Camera.Vhcl.VehSensor_FCAM.Obj.1.MBR.BL_Z'
ERROR		FMU 'CM_ACCController_V17', FMUIn.Camera.Obj1.MBR.TR_X: No such source quantity 'Sensor.Camera.Vhcl.VehSensor_FCAM.Obj.1.MBR.TR_X'
ERROR		FMU 'CM_ACCController_V17', FMUIn.Camera.Obj1.MBR.TR_Y: No such source quantity 'Sensor.Camera.Vhcl.VehSensor_FCAM.Obj.1.MBR.TR_Y'
ERROR		FMU 'CM_ACCController_V17', FMUIn.Camera.Obj1.MBR.TR_Z: No such source quantity 'Sensor.Camera.Vhcl.VehSensor_FCAM.Obj.1.MBR.TR_Z'
ERROR		FMU 'CM_ACCController_V17', FMUIn.Camera.Obj2.ObjID: No such source quantity 'Sensor.Camera.Vhcl.VehSensor_FCAM.Obj.2.ObjID'
ERROR		FMU 'CM_ACCController_V17', FMUIn.Camera.Obj2.Type: No such source quantity 'Sensor.Camera.Vhcl.VehSensor_FCAM.Obj.2.Type'
ERROR		FMU 'CM_ACCController_V17', FMUIn.Camera.Obj2.Confidence: No such source quantity 'Sensor.Camera.Vhcl.VehSensor_FCAM.Obj.2.Confidence'
ERROR		FMU 'CM_ACCController_V17', FMUIn.Camera.Obj2.Facing: No such source quantity 'Sensor.Camera.Vhcl.VehSensor_FCAM.Obj.2.Facing'
ERROR		FMU 'CM_ACCController_V17', FMUIn.Camera.Obj2.MBR.BL_X: No such source quantity 'Sensor.Camera.Vhcl.VehSensor_FCAM.Obj.2.MBR.BL_X'
ERROR		FMU 'CM_ACCController_V17', FMUIn.Camera.Obj2.MBR.BL_Y: No such source quantity 'Sensor.Camera.Vhcl.VehSensor_FCAM.Obj.2.MBR.BL_Y'
ERROR		FMU 'CM_ACCController_V17', FMUIn.Camera.Obj2.MBR.BL_Z: No such source quantity 'Sensor.Camera.Vhcl.VehSensor_FCAM.Obj.2.MBR.BL_Z'
ERROR		FMU 'CM_ACCController_V17', FMUIn.Camera.Obj2.MBR.TR_X: No such source quantity 'Sensor.Camera.Vhcl.VehSensor_FCAM.Obj.2.MBR.TR_X'
ERROR		FMU 'CM_ACCController_V17', FMUIn.Camera.Obj2.MBR.TR_Y: No such source quantity 'Sensor.Camera.Vhcl.VehSensor_FCAM.Obj.2.MBR.TR_Y'
ERROR		FMU 'CM_ACCController_V17', FMUIn.Camera.Obj2.MBR.TR_Z: No such source quantity 'Sensor.Camera.Vhcl.VehSensor_FCAM.Obj.2.MBR.TR_Z'
ERROR		FMU 'CM_ACCController_V17', FMUIn.Camera.Obj3.ObjID: No such source quantity 'Sensor.Camera.Vhcl.VehSensor_FCAM.Obj.3.ObjID'
ERROR		FMU 'CM_ACCController_V17', FMUIn.Camera.Obj3.Type: No such source quantity 'Sensor.Camera.Vhcl.VehSensor_FCAM.Obj.3.Type'
ERROR		FMU 'CM_ACCController_V17', FMUIn.Camera.Obj3.Confidence: No such source quantity 'Sensor.Camera.Vhcl.VehSensor_FCAM.Obj.3.Confidence'
ERROR		FMU 'CM_ACCController_V17', FMUIn.Camera.Obj3.Facing: No such source quantity 'Sensor.Camera.Vhcl.VehSensor_FCAM.Obj.3.Facing'
ERROR		FMU 'CM_ACCController_V17', FMUIn.Camera.Obj3.MBR.BL_X: No such source quantity 'Sensor.Camera.Vhcl.VehSensor_FCAM.Obj.3.MBR.BL_X'
ERROR		FMU 'CM_ACCController_V17', FMUIn.Camera.Obj3.MBR.BL_Y: No such source quantity 'Sensor.Camera.Vhcl.VehSensor_FCAM.Obj.3.MBR.BL_Y'
ERROR		FMU 'CM_ACCController_V17', FMUIn.Camera.Obj3.MBR.BL_Z: No such source quantity 'Sensor.Camera.Vhcl.VehSensor_FCAM.Obj.3.MBR.BL_Z'
ERROR		FMU 'CM_ACCController_V17', FMUIn.Camera.Obj3.MBR.TR_X: No such source quantity 'Sensor.Camera.Vhcl.VehSensor_FCAM.Obj.3.MBR.TR_X'
ERROR		FMU 'CM_ACCController_V17', FMUIn.Camera.Obj3.MBR.TR_Y: No such source quantity 'Sensor.Camera.Vhcl.VehSensor_FCAM.Obj.3.MBR.TR_Y'
ERROR		FMU 'CM_ACCController_V17', FMUIn.Camera.Obj3.MBR.TR_Z: No such source quantity 'Sensor.Camera.Vhcl.VehSensor_FCAM.Obj.3.MBR.TR_Z'
ERROR		FMU 'CM_ACCController_V17', FMUIn.Camera.Obj4.ObjID: No such source quantity 'Sensor.Camera.Vhcl.VehSensor_FCAM.Obj.4.ObjID'
ERROR		FMU 'CM_ACCController_V17', FMUIn.Camera.Obj4.Type: No such source quantity 'Sensor.Camera.Vhcl.VehSensor_FCAM.Obj.4.Type'
ERROR		FMU 'CM_ACCController_V17', FMUIn.Camera.Obj4.Confidence: No such source quantity 'Sensor.Camera.Vhcl.VehSensor_FCAM.Obj.4.Confidence'
ERROR		FMU 'CM_ACCController_V17', FMUIn.Camera.Obj4.Facing: No such source quantity 'Sensor.Camera.Vhcl.VehSensor_FCAM.Obj.4.Facing'
ERROR		FMU 'CM_ACCController_V17', FMUIn.Camera.Obj4.MBR.BL_X: No such source quantity 'Sensor.Camera.Vhcl.VehSensor_FCAM.Obj.4.MBR.BL_X'
ERROR		FMU 'CM_ACCController_V17', FMUIn.Camera.Obj4.MBR.BL_Y: No such source quantity 'Sensor.Camera.Vhcl.VehSensor_FCAM.Obj.4.MBR.BL_Y'
ERROR		FMU 'CM_ACCController_V17', FMUIn.Camera.Obj4.MBR.BL_Z: No such source quantity 'Sensor.Camera.Vhcl.VehSensor_FCAM.Obj.4.MBR.BL_Z'
ERROR		FMU 'CM_ACCController_V17', FMUIn.Camera.Obj4.MBR.TR_X: No such source quantity 'Sensor.Camera.Vhcl.VehSensor_FCAM.Obj.4.MBR.TR_X'
ERROR		FMU 'CM_ACCController_V17', FMUIn.Camera.Obj4.MBR.TR_Y: No such source quantity 'Sensor.Camera.Vhcl.VehSensor_FCAM.Obj.4.MBR.TR_Y'
ERROR		FMU 'CM_ACCController_V17', FMUIn.Camera.Obj4.MBR.TR_Z: No such source quantity 'Sensor.Camera.Vhcl.VehSensor_FCAM.Obj.4.MBR.TR_Z'
ERROR		FMU 'CM_ACCController_V17', FMUIn.Camera.Obj5.ObjID: No such source quantity 'Sensor.Camera.Vhcl.VehSensor_FCAM.Obj.5.ObjID'
ERROR		FMU 'CM_ACCController_V17', FMUIn.Camera.Obj5.Type: No such source quantity 'Sensor.Camera.Vhcl.VehSensor_FCAM.Obj.5.Type'
ERROR		FMU 'CM_ACCController_V17', FMUIn.Camera.Obj5.Confidence: No such source quantity 'Sensor.Camera.Vhcl.VehSensor_FCAM.Obj.5.Confidence'
ERROR		FMU 'CM_ACCController_V17', FMUIn.Camera.Obj5.Facing: No such source quantity 'Sensor.Camera.Vhcl.VehSensor_FCAM.Obj.5.Facing'
ERROR		FMU 'CM_ACCController_V17', FMUIn.Camera.Obj5.MBR.BL_X: No such source quantity 'Sensor.Camera.Vhcl.VehSensor_FCAM.Obj.5.MBR.BL_X'
ERROR		FMU 'CM_ACCController_V17', FMUIn.Camera.Obj5.MBR.BL_Y: No such source quantity 'Sensor.Camera.Vhcl.VehSensor_FCAM.Obj.5.MBR.BL_Y'
ERROR		FMU 'CM_ACCController_V17', FMUIn.Camera.Obj5.MBR.BL_Z: No such source quantity 'Sensor.Camera.Vhcl.VehSensor_FCAM.Obj.5.MBR.BL_Z'
ERROR		FMU 'CM_ACCController_V17', FMUIn.Camera.Obj5.MBR.TR_X: No such source quantity 'Sensor.Camera.Vhcl.VehSensor_FCAM.Obj.5.MBR.TR_X'
ERROR		FMU 'CM_ACCController_V17', FMUIn.Camera.Obj5.MBR.TR_Y: No such source quantity 'Sensor.Camera.Vhcl.VehSensor_FCAM.Obj.5.MBR.TR_Y'
ERROR		FMU 'CM_ACCController_V17', FMUIn.Camera.Obj5.MBR.TR_Z: No such source quantity 'Sensor.Camera.Vhcl.VehSensor_FCAM.Obj.5.MBR.TR_Z'
ERROR		FMU 'CM_ACCController_V17', FMUIn.Radar.Obj0.MeasStat: No such source quantity 'Sensor.Radar.Vhcl.VehSensor_MRR.Obj0.MeasStat'
ERROR		FMU 'CM_ACCController_V17', FMUIn.Radar.Obj0.ObjID: No such source quantity 'Sensor.Radar.Vhcl.VehSensor_MRR.Obj0.ObjId'
ERROR		FMU 'CM_ACCController_V17', FMUIn.Radar.Obj0.DistX: No such source quantity 'Sensor.Radar.Vhcl.VehSensor_MRR.Obj0.DistX'
ERROR		FMU 'CM_ACCController_V17', FMUIn.Radar.Obj0.DistY: No such source quantity 'Sensor.Radar.Vhcl.VehSensor_MRR.Obj0.DistY'
ERROR		FMU 'CM_ACCController_V17', FMUIn.Radar.Obj0.VrelX: No such source quantity 'Sensor.Radar.Vhcl.VehSensor_MRR.Obj0.VrelX'
ERROR		FMU 'CM_ACCController_V17', FMUIn.Radar.Obj0.ProbExist: No such source quantity 'Sensor.Radar.Vhcl.VehSensor_MRR.Obj0.ProbExist'
ERROR		FMU 'CM_ACCController_V17', FMUIn.Radar.Obj0.DynProp: No such source quantity 'Sensor.Radar.Vhcl.VehSensor_MRR.Obj0.DynProp'
ERROR		FMU 'CM_ACCController_V17', FMUIn.Radar.Obj1.MeasStat: No such source quantity 'Sensor.Radar.Vhcl.VehSensor_MRR.Obj1.MeasStat'
ERROR		FMU 'CM_ACCController_V17', FMUIn.Radar.Obj1.ObjID: No such source quantity 'Sensor.Radar.Vhcl.VehSensor_MRR.Obj1.ObjId'
ERROR		FMU 'CM_ACCController_V17', FMUIn.Radar.Obj1.DistX: No such source quantity 'Sensor.Radar.Vhcl.VehSensor_MRR.Obj1.DistX'
ERROR		FMU 'CM_ACCController_V17', FMUIn.Radar.Obj1.DistY: No such source quantity 'Sensor.Radar.Vhcl.VehSensor_MRR.Obj1.DistY'
ERROR		FMU 'CM_ACCController_V17', FMUIn.Radar.Obj1.VrelX: No such source quantity 'Sensor.Radar.Vhcl.VehSensor_MRR.Obj1.VrelX'
ERROR		FMU 'CM_ACCController_V17', FMUIn.Radar.Obj1.ProbExist: No such source quantity 'Sensor.Radar.Vhcl.VehSensor_MRR.Obj1.ProbExist'
ERROR		FMU 'CM_ACCController_V17', FMUIn.Radar.Obj1.DynProp: No such source quantity 'Sensor.Radar.Vhcl.VehSensor_MRR.Obj1.DynProp'
ERROR		FMU 'CM_ACCController_V17', FMUIn.Radar.Obj2.MeasStat: No such source quantity 'Sensor.Radar.Vhcl.VehSensor_MRR.Obj2.MeasStat'
ERROR		FMU 'CM_ACCController_V17', FMUIn.Radar.Obj2.ObjID: No such source quantity 'Sensor.Radar.Vhcl.VehSensor_MRR.Obj2.ObjId'
ERROR		FMU 'CM_ACCController_V17', FMUIn.Radar.Obj2.DistX: No such source quantity 'Sensor.Radar.Vhcl.VehSensor_MRR.Obj2.DistX'
ERROR		FMU 'CM_ACCController_V17', FMUIn.Radar.Obj2.DistY: No such source quantity 'Sensor.Radar.Vhcl.VehSensor_MRR.Obj2.DistY'
ERROR		FMU 'CM_ACCController_V17', FMUIn.Radar.Obj2.VrelX: No such source quantity 'Sensor.Radar.Vhcl.VehSensor_MRR.Obj2.VrelX'
ERROR		FMU 'CM_ACCController_V17', FMUIn.Radar.Obj2.ProbExist: No such source quantity 'Sensor.Radar.Vhcl.VehSensor_MRR.Obj2.ProbExist'
ERROR		FMU 'CM_ACCController_V17', FMUIn.Radar.Obj2.DynProp: No such source quantity 'Sensor.Radar.Vhcl.VehSensor_MRR.Obj2.DynProp'
ERROR		FMU 'CM_ACCController_V17', FMUIn.Radar.Obj3.MeasStat: No such source quantity 'Sensor.Radar.Vhcl.VehSensor_MRR.Obj3.MeasStat'
ERROR		FMU 'CM_ACCController_V17', FMUIn.Radar.Obj3.ObjID: No such source quantity 'Sensor.Radar.Vhcl.VehSensor_MRR.Obj3.ObjId'
ERROR		FMU 'CM_ACCController_V17', FMUIn.Radar.Obj3.DistX: No such source quantity 'Sensor.Radar.Vhcl.VehSensor_MRR.Obj3.DistX'
ERROR		FMU 'CM_ACCController_V17', FMUIn.Radar.Obj3.DistY: No such source quantity 'Sensor.Radar.Vhcl.VehSensor_MRR.Obj3.DistY'
ERROR		FMU 'CM_ACCController_V17', FMUIn.Radar.Obj3.VrelX: No such source quantity 'Sensor.Radar.Vhcl.VehSensor_MRR.Obj3.VrelX'
ERROR		FMU 'CM_ACCController_V17', FMUIn.Radar.Obj3.ProbExist: No such source quantity 'Sensor.Radar.Vhcl.VehSensor_MRR.Obj3.ProbExist'
ERROR		FMU 'CM_ACCController_V17', FMUIn.Radar.Obj3.DynProp: No such source quantity 'Sensor.Radar.Vhcl.VehSensor_MRR.Obj3.DynProp'
ERROR		FMU 'CM_ACCController_V17', FMUIn.Radar.Obj4.MeasStat: No such source quantity 'Sensor.Radar.Vhcl.VehSensor_MRR.Obj4.MeasStat'
ERROR		FMU 'CM_ACCController_V17', FMUIn.Radar.Obj4.ObjID: No such source quantity 'Sensor.Radar.Vhcl.VehSensor_MRR.Obj4.ObjId'
ERROR		FMU 'CM_ACCController_V17', FMUIn.Radar.Obj4.DistX: No such source quantity 'Sensor.Radar.Vhcl.VehSensor_MRR.Obj4.DistX'
ERROR		FMU 'CM_ACCController_V17', FMUIn.Radar.Obj4.DistY: No such source quantity 'Sensor.Radar.Vhcl.VehSensor_MRR.Obj4.DistY'
ERROR		FMU 'CM_ACCController_V17', FMUIn.Radar.Obj4.VrelX: No such source quantity 'Sensor.Radar.Vhcl.VehSensor_MRR.Obj4.VrelX'
ERROR		FMU 'CM_ACCController_V17', FMUIn.Radar.Obj4.ProbExist: No such source quantity 'Sensor.Radar.Vhcl.VehSensor_MRR.Obj4.ProbExist'
ERROR		FMU 'CM_ACCController_V17', FMUIn.Radar.Obj4.DynProp: No such source quantity 'Sensor.Radar.Vhcl.VehSensor_MRR.Obj4.DynProp'
ERROR		FMU 'CM_ACCController_V17', FMUIn.Radar.Obj5.MeasStat: No such source quantity 'Sensor.Radar.Vhcl.VehSensor_MRR.Obj5.MeasStat'
ERROR		FMU 'CM_ACCController_V17', FMUIn.Radar.Obj5.ObjID: No such source quantity 'Sensor.Radar.Vhcl.VehSensor_MRR.Obj5.ObjId'
ERROR		FMU 'CM_ACCController_V17', FMUIn.Radar.Obj5.DistX: No such source quantity 'Sensor.Radar.Vhcl.VehSensor_MRR.Obj5.DistX'
ERROR		FMU 'CM_ACCController_V17', FMUIn.Radar.Obj5.DistY: No such source quantity 'Sensor.Radar.Vhcl.VehSensor_MRR.Obj5.DistY'
ERROR		FMU 'CM_ACCController_V17', FMUIn.Radar.Obj5.VrelX: No such source quantity 'Sensor.Radar.Vhcl.VehSensor_MRR.Obj5.VrelX'
ERROR		FMU 'CM_ACCController_V17', FMUIn.Radar.Obj5.ProbExist: No such source quantity 'Sensor.Radar.Vhcl.VehSensor_MRR.Obj5.ProbExist'
ERROR		FMU 'CM_ACCController_V17', FMUIn.Radar.Obj5.DynProp: No such source quantity 'Sensor.Radar.Vhcl.VehSensor_MRR.Obj5.DynProp'
ERROR		FMU 'CM_ACCController_V17', DDict.AccelCtrl.ACC.DesiredAx: No such destination quantity
ERROR		FMU 'CM_ACCController_V17', DDict.AccelCtrl.ACC.DesiredDist: No such destination quantity
ERROR		FMU 'CM_ACCController_V17', DDict.AccelCtrl.ACC.DesiredSpd: No such destination quantity
ERROR		FMU 'CM_ACCController_V17', DDict.AccelCtrl.ACC.DesiredTGap: No such destination quantity
ERROR		FMU 'CM_ACCController_V17', DDict.AccelCtrl.ACC.IsActive: No such destination quantity
ERROR		FMU 'CM_ACCController_V17', DDict.AccelCtrl.ACC.Time2Collision: No such destination quantity
ERROR		FMU 'CM_ACCController_V17', DDict.AccelCtrl.DesiredAx: No such destination quantity
SIM_START	OSC_Imported/longitudinal_feature/ACC/acc_csc_002	2026-06-29 17:30:11
TIME	0.366
WARNING		FMU: Sending all FMU log output to file 'FMU_20260629-173011.log'
TIME	0.003
		Road Sensor: evaluation of route/path disabled (works only on route)
WARNING		FMU 'CM_ACCController_V17': Debug logging enabled
		Current random seed value = 1782729011
ERROR		TestManagerCmds: unknown var "Debug.EffectiveTimeGap"
ERROR		TestManagerCmds: unknown var "Debug.Target.DistX"
ERROR		TestManagerCmds: unknown var "Debug.SafeDistance"
ERROR		TestManagerCmds: unknown var "Debug.Target.DistX"
ERROR		TestManagerCmds: unknown var "Debug.Target.DistX"
SIM_ABORT	OSC_Imported/longitudinal_feature/ACC/acc_csc_002	0s	0m
ERROR		FMU 'CM_ACCController_V17', FMUIn.Camera.nObj: No such source quantity 'Sensor.Camera.Vhcl.VehSensor_FCAM.nObj'
ERROR		FMU 'CM_ACCController_V17', FMUIn.Camera.Obj0.ObjID: No such source quantity 'Sensor.Camera.Vhcl.VehSensor_FCAM.Obj.0.ObjID'
ERROR		FMU 'CM_ACCController_V17', FMUIn.Camera.Obj0.Type: No such source quantity 'Sensor.Camera.Vhcl.VehSensor_FCAM.Obj.0.Type'
ERROR		FMU 'CM_ACCController_V17', FMUIn.Camera.Obj0.Confidence: No such source quantity 'Sensor.Camera.Vhcl.VehSensor_FCAM.Obj.0.Confidence'
ERROR		FMU 'CM_ACCController_V17', FMUIn.Camera.Obj0.Facing: No such source quantity 'Sensor.Camera.Vhcl.VehSensor_FCAM.Obj.0.Facing'
ERROR		FMU 'CM_ACCController_V17', FMUIn.Camera.Obj0.MBR.BL_X: No such source quantity 'Sensor.Camera.Vhcl.VehSensor_FCAM.Obj.0.MBR.BL_X'
ERROR		FMU 'CM_ACCController_V17', FMUIn.Camera.Obj0.MBR.BL_Y: No such source quantity 'Sensor.Camera.Vhcl.VehSensor_FCAM.Obj.0.MBR.BL_Y'
ERROR		FMU 'CM_ACCController_V17', FMUIn.Camera.Obj0.MBR.BL_Z: No such source quantity 'Sensor.Camera.Vhcl.VehSensor_FCAM.Obj.0.MBR.BL_Z'
ERROR		FMU 'CM_ACCController_V17', FMUIn.Camera.Obj0.MBR.TR_X: No such source quantity 'Sensor.Camera.Vhcl.VehSensor_FCAM.Obj.0.MBR.TR_X'
ERROR		FMU 'CM_ACCController_V17', FMUIn.Camera.Obj0.MBR.TR_Y: No such source quantity 'Sensor.Camera.Vhcl.VehSensor_FCAM.Obj.0.MBR.TR_Y'
ERROR		FMU 'CM_ACCController_V17', FMUIn.Camera.Obj0.MBR.TR_Z: No such source quantity 'Sensor.Camera.Vhcl.VehSensor_FCAM.Obj.0.MBR.TR_Z'
ERROR		FMU 'CM_ACCController_V17', FMUIn.Camera.Obj1.ObjID: No such source quantity 'Sensor.Camera.Vhcl.VehSensor_FCAM.Obj.1.ObjID'
ERROR		FMU 'CM_ACCController_V17', FMUIn.Camera.Obj1.Type: No such source quantity 'Sensor.Camera.Vhcl.VehSensor_FCAM.Obj.1.Type'
ERROR		FMU 'CM_ACCController_V17', FMUIn.Camera.Obj1.Confidence: No such source quantity 'Sensor.Camera.Vhcl.VehSensor_FCAM.Obj.1.Confidence'
ERROR		FMU 'CM_ACCController_V17', FMUIn.Camera.Obj1.Facing: No such source quantity 'Sensor.Camera.Vhcl.VehSensor_FCAM.Obj.1.Facing'
ERROR		FMU 'CM_ACCController_V17', FMUIn.Camera.Obj1.MBR.BL_X: No such source quantity 'Sensor.Camera.Vhcl.VehSensor_FCAM.Obj.1.MBR.BL_X'
ERROR		FMU 'CM_ACCController_V17', FMUIn.Camera.Obj1.MBR.BL_Y: No such source quantity 'Sensor.Camera.Vhcl.VehSensor_FCAM.Obj.1.MBR.BL_Y'
ERROR		FMU 'CM_ACCController_V17', FMUIn.Camera.Obj1.MBR.BL_Z: No such source quantity 'Sensor.Camera.Vhcl.VehSensor_FCAM.Obj.1.MBR.BL_Z'
ERROR		FMU 'CM_ACCController_V17', FMUIn.Camera.Obj1.MBR.TR_X: No such source quantity 'Sensor.Camera.Vhcl.VehSensor_FCAM.Obj.1.MBR.TR_X'
ERROR		FMU 'CM_ACCController_V17', FMUIn.Camera.Obj1.MBR.TR_Y: No such source quantity 'Sensor.Camera.Vhcl.VehSensor_FCAM.Obj.1.MBR.TR_Y'
ERROR		FMU 'CM_ACCController_V17', FMUIn.Camera.Obj1.MBR.TR_Z: No such source quantity 'Sensor.Camera.Vhcl.VehSensor_FCAM.Obj.1.MBR.TR_Z'
ERROR		FMU 'CM_ACCController_V17', FMUIn.Camera.Obj2.ObjID: No such source quantity 'Sensor.Camera.Vhcl.VehSensor_FCAM.Obj.2.ObjID'
ERROR		FMU 'CM_ACCController_V17', FMUIn.Camera.Obj2.Type: No such source quantity 'Sensor.Camera.Vhcl.VehSensor_FCAM.Obj.2.Type'
ERROR		FMU 'CM_ACCController_V17', FMUIn.Camera.Obj2.Confidence: No such source quantity 'Sensor.Camera.Vhcl.VehSensor_FCAM.Obj.2.Confidence'
ERROR		FMU 'CM_ACCController_V17', FMUIn.Camera.Obj2.Facing: No such source quantity 'Sensor.Camera.Vhcl.VehSensor_FCAM.Obj.2.Facing'
ERROR		FMU 'CM_ACCController_V17', FMUIn.Camera.Obj2.MBR.BL_X: No such source quantity 'Sensor.Camera.Vhcl.VehSensor_FCAM.Obj.2.MBR.BL_X'
ERROR		FMU 'CM_ACCController_V17', FMUIn.Camera.Obj2.MBR.BL_Y: No such source quantity 'Sensor.Camera.Vhcl.VehSensor_FCAM.Obj.2.MBR.BL_Y'
ERROR		FMU 'CM_ACCController_V17', FMUIn.Camera.Obj2.MBR.BL_Z: No such source quantity 'Sensor.Camera.Vhcl.VehSensor_FCAM.Obj.2.MBR.BL_Z'
ERROR		FMU 'CM_ACCController_V17', FMUIn.Camera.Obj2.MBR.TR_X: No such source quantity 'Sensor.Camera.Vhcl.VehSensor_FCAM.Obj.2.MBR.TR_X'
ERROR		FMU 'CM_ACCController_V17', FMUIn.Camera.Obj2.MBR.TR_Y: No such source quantity 'Sensor.Camera.Vhcl.VehSensor_FCAM.Obj.2.MBR.TR_Y'
ERROR		FMU 'CM_ACCController_V17', FMUIn.Camera.Obj2.MBR.TR_Z: No such source quantity 'Sensor.Camera.Vhcl.VehSensor_FCAM.Obj.2.MBR.TR_Z'
ERROR		FMU 'CM_ACCController_V17', FMUIn.Camera.Obj3.ObjID: No such source quantity 'Sensor.Camera.Vhcl.VehSensor_FCAM.Obj.3.ObjID'
ERROR		FMU 'CM_ACCController_V17', FMUIn.Camera.Obj3.Type: No such source quantity 'Sensor.Camera.Vhcl.VehSensor_FCAM.Obj.3.Type'
ERROR		FMU 'CM_ACCController_V17', FMUIn.Camera.Obj3.Confidence: No such source quantity 'Sensor.Camera.Vhcl.VehSensor_FCAM.Obj.3.Confidence'
ERROR		FMU 'CM_ACCController_V17', FMUIn.Camera.Obj3.Facing: No such source quantity 'Sensor.Camera.Vhcl.VehSensor_FCAM.Obj.3.Facing'
ERROR		FMU 'CM_ACCController_V17', FMUIn.Camera.Obj3.MBR.BL_X: No such source quantity 'Sensor.Camera.Vhcl.VehSensor_FCAM.Obj.3.MBR.BL_X'
ERROR		FMU 'CM_ACCController_V17', FMUIn.Camera.Obj3.MBR.BL_Y: No such source quantity 'Sensor.Camera.Vhcl.VehSensor_FCAM.Obj.3.MBR.BL_Y'
ERROR		FMU 'CM_ACCController_V17', FMUIn.Camera.Obj3.MBR.BL_Z: No such source quantity 'Sensor.Camera.Vhcl.VehSensor_FCAM.Obj.3.MBR.BL_Z'
ERROR		FMU 'CM_ACCController_V17', FMUIn.Camera.Obj3.MBR.TR_X: No such source quantity 'Sensor.Camera.Vhcl.VehSensor_FCAM.Obj.3.MBR.TR_X'
ERROR		FMU 'CM_ACCController_V17', FMUIn.Camera.Obj3.MBR.TR_Y: No such source quantity 'Sensor.Camera.Vhcl.VehSensor_FCAM.Obj.3.MBR.TR_Y'
ERROR		FMU 'CM_ACCController_V17', FMUIn.Camera.Obj3.MBR.TR_Z: No such source quantity 'Sensor.Camera.Vhcl.VehSensor_FCAM.Obj.3.MBR.TR_Z'
ERROR		FMU 'CM_ACCController_V17', FMUIn.Camera.Obj4.ObjID: No such source quantity 'Sensor.Camera.Vhcl.VehSensor_FCAM.Obj.4.ObjID'
ERROR		FMU 'CM_ACCController_V17', FMUIn.Camera.Obj4.Type: No such source quantity 'Sensor.Camera.Vhcl.VehSensor_FCAM.Obj.4.Type'
ERROR		FMU 'CM_ACCController_V17', FMUIn.Camera.Obj4.Confidence: No such source quantity 'Sensor.Camera.Vhcl.VehSensor_FCAM.Obj.4.Confidence'
ERROR		FMU 'CM_ACCController_V17', FMUIn.Camera.Obj4.Facing: No such source quantity 'Sensor.Camera.Vhcl.VehSensor_FCAM.Obj.4.Facing'
ERROR		FMU 'CM_ACCController_V17', FMUIn.Camera.Obj4.MBR.BL_X: No such source quantity 'Sensor.Camera.Vhcl.VehSensor_FCAM.Obj.4.MBR.BL_X'
ERROR		FMU 'CM_ACCController_V17', FMUIn.Camera.Obj4.MBR.BL_Y: No such source quantity 'Sensor.Camera.Vhcl.VehSensor_FCAM.Obj.4.MBR.BL_Y'
ERROR		FMU 'CM_ACCController_V17', FMUIn.Camera.Obj4.MBR.BL_Z: No such source quantity 'Sensor.Camera.Vhcl.VehSensor_FCAM.Obj.4.MBR.BL_Z'
ERROR		FMU 'CM_ACCController_V17', FMUIn.Camera.Obj4.MBR.TR_X: No such source quantity 'Sensor.Camera.Vhcl.VehSensor_FCAM.Obj.4.MBR.TR_X'
ERROR		FMU 'CM_ACCController_V17', FMUIn.Camera.Obj4.MBR.TR_Y: No such source quantity 'Sensor.Camera.Vhcl.VehSensor_FCAM.Obj.4.MBR.TR_Y'
ERROR		FMU 'CM_ACCController_V17', FMUIn.Camera.Obj4.MBR.TR_Z: No such source quantity 'Sensor.Camera.Vhcl.VehSensor_FCAM.Obj.4.MBR.TR_Z'
ERROR		FMU 'CM_ACCController_V17', FMUIn.Camera.Obj5.ObjID: No such source quantity 'Sensor.Camera.Vhcl.VehSensor_FCAM.Obj.5.ObjID'
ERROR		FMU 'CM_ACCController_V17', FMUIn.Camera.Obj5.Type: No such source quantity 'Sensor.Camera.Vhcl.VehSensor_FCAM.Obj.5.Type'
ERROR		FMU 'CM_ACCController_V17', FMUIn.Camera.Obj5.Confidence: No such source quantity 'Sensor.Camera.Vhcl.VehSensor_FCAM.Obj.5.Confidence'
ERROR		FMU 'CM_ACCController_V17', FMUIn.Camera.Obj5.Facing: No such source quantity 'Sensor.Camera.Vhcl.VehSensor_FCAM.Obj.5.Facing'
ERROR		FMU 'CM_ACCController_V17', FMUIn.Camera.Obj5.MBR.BL_X: No such source quantity 'Sensor.Camera.Vhcl.VehSensor_FCAM.Obj.5.MBR.BL_X'
ERROR		FMU 'CM_ACCController_V17', FMUIn.Camera.Obj5.MBR.BL_Y: No such source quantity 'Sensor.Camera.Vhcl.VehSensor_FCAM.Obj.5.MBR.BL_Y'
ERROR		FMU 'CM_ACCController_V17', FMUIn.Camera.Obj5.MBR.BL_Z: No such source quantity 'Sensor.Camera.Vhcl.VehSensor_FCAM.Obj.5.MBR.BL_Z'
ERROR		FMU 'CM_ACCController_V17', FMUIn.Camera.Obj5.MBR.TR_X: No such source quantity 'Sensor.Camera.Vhcl.VehSensor_FCAM.Obj.5.MBR.TR_X'
ERROR		FMU 'CM_ACCController_V17', FMUIn.Camera.Obj5.MBR.TR_Y: No such source quantity 'Sensor.Camera.Vhcl.VehSensor_FCAM.Obj.5.MBR.TR_Y'
ERROR		FMU 'CM_ACCController_V17', FMUIn.Camera.Obj5.MBR.TR_Z: No such source quantity 'Sensor.Camera.Vhcl.VehSensor_FCAM.Obj.5.MBR.TR_Z'
ERROR		FMU 'CM_ACCController_V17', FMUIn.Radar.Obj0.MeasStat: No such source quantity 'Sensor.Radar.Vhcl.VehSensor_MRR.Obj0.MeasStat'
ERROR		FMU 'CM_ACCController_V17', FMUIn.Radar.Obj0.ObjID: No such source quantity 'Sensor.Radar.Vhcl.VehSensor_MRR.Obj0.ObjId'
ERROR		FMU 'CM_ACCController_V17', FMUIn.Radar.Obj0.DistX: No such source quantity 'Sensor.Radar.Vhcl.VehSensor_MRR.Obj0.DistX'
ERROR		FMU 'CM_ACCController_V17', FMUIn.Radar.Obj0.DistY: No such source quantity 'Sensor.Radar.Vhcl.VehSensor_MRR.Obj0.DistY'
ERROR		FMU 'CM_ACCController_V17', FMUIn.Radar.Obj0.VrelX: No such source quantity 'Sensor.Radar.Vhcl.VehSensor_MRR.Obj0.VrelX'
ERROR		FMU 'CM_ACCController_V17', FMUIn.Radar.Obj0.ProbExist: No such source quantity 'Sensor.Radar.Vhcl.VehSensor_MRR.Obj0.ProbExist'
ERROR		FMU 'CM_ACCController_V17', FMUIn.Radar.Obj0.DynProp: No such source quantity 'Sensor.Radar.Vhcl.VehSensor_MRR.Obj0.DynProp'
ERROR		FMU 'CM_ACCController_V17', FMUIn.Radar.Obj1.MeasStat: No such source quantity 'Sensor.Radar.Vhcl.VehSensor_MRR.Obj1.MeasStat'
ERROR		FMU 'CM_ACCController_V17', FMUIn.Radar.Obj1.ObjID: No such source quantity 'Sensor.Radar.Vhcl.VehSensor_MRR.Obj1.ObjId'
ERROR		FMU 'CM_ACCController_V17', FMUIn.Radar.Obj1.DistX: No such source quantity 'Sensor.Radar.Vhcl.VehSensor_MRR.Obj1.DistX'
ERROR		FMU 'CM_ACCController_V17', FMUIn.Radar.Obj1.DistY: No such source quantity 'Sensor.Radar.Vhcl.VehSensor_MRR.Obj1.DistY'
ERROR		FMU 'CM_ACCController_V17', FMUIn.Radar.Obj1.VrelX: No such source quantity 'Sensor.Radar.Vhcl.VehSensor_MRR.Obj1.VrelX'
ERROR		FMU 'CM_ACCController_V17', FMUIn.Radar.Obj1.ProbExist: No such source quantity 'Sensor.Radar.Vhcl.VehSensor_MRR.Obj1.ProbExist'
ERROR		FMU 'CM_ACCController_V17', FMUIn.Radar.Obj1.DynProp: No such source quantity 'Sensor.Radar.Vhcl.VehSensor_MRR.Obj1.DynProp'
ERROR		FMU 'CM_ACCController_V17', FMUIn.Radar.Obj2.MeasStat: No such source quantity 'Sensor.Radar.Vhcl.VehSensor_MRR.Obj2.MeasStat'
ERROR		FMU 'CM_ACCController_V17', FMUIn.Radar.Obj2.ObjID: No such source quantity 'Sensor.Radar.Vhcl.VehSensor_MRR.Obj2.ObjId'
ERROR		FMU 'CM_ACCController_V17', FMUIn.Radar.Obj2.DistX: No such source quantity 'Sensor.Radar.Vhcl.VehSensor_MRR.Obj2.DistX'
ERROR		FMU 'CM_ACCController_V17', FMUIn.Radar.Obj2.DistY: No such source quantity 'Sensor.Radar.Vhcl.VehSensor_MRR.Obj2.DistY'
ERROR		FMU 'CM_ACCController_V17', FMUIn.Radar.Obj2.VrelX: No such source quantity 'Sensor.Radar.Vhcl.VehSensor_MRR.Obj2.VrelX'
ERROR		FMU 'CM_ACCController_V17', FMUIn.Radar.Obj2.ProbExist: No such source quantity 'Sensor.Radar.Vhcl.VehSensor_MRR.Obj2.ProbExist'
ERROR		FMU 'CM_ACCController_V17', FMUIn.Radar.Obj2.DynProp: No such source quantity 'Sensor.Radar.Vhcl.VehSensor_MRR.Obj2.DynProp'
ERROR		FMU 'CM_ACCController_V17', FMUIn.Radar.Obj3.MeasStat: No such source quantity 'Sensor.Radar.Vhcl.VehSensor_MRR.Obj3.MeasStat'
ERROR		FMU 'CM_ACCController_V17', FMUIn.Radar.Obj3.ObjID: No such source quantity 'Sensor.Radar.Vhcl.VehSensor_MRR.Obj3.ObjId'
ERROR		FMU 'CM_ACCController_V17', FMUIn.Radar.Obj3.DistX: No such source quantity 'Sensor.Radar.Vhcl.VehSensor_MRR.Obj3.DistX'
ERROR		FMU 'CM_ACCController_V17', FMUIn.Radar.Obj3.DistY: No such source quantity 'Sensor.Radar.Vhcl.VehSensor_MRR.Obj3.DistY'
ERROR		FMU 'CM_ACCController_V17', FMUIn.Radar.Obj3.VrelX: No such source quantity 'Sensor.Radar.Vhcl.VehSensor_MRR.Obj3.VrelX'
ERROR		FMU 'CM_ACCController_V17', FMUIn.Radar.Obj3.ProbExist: No such source quantity 'Sensor.Radar.Vhcl.VehSensor_MRR.Obj3.ProbExist'
ERROR		FMU 'CM_ACCController_V17', FMUIn.Radar.Obj3.DynProp: No such source quantity 'Sensor.Radar.Vhcl.VehSensor_MRR.Obj3.DynProp'
ERROR		FMU 'CM_ACCController_V17', FMUIn.Radar.Obj4.MeasStat: No such source quantity 'Sensor.Radar.Vhcl.VehSensor_MRR.Obj4.MeasStat'
ERROR		FMU 'CM_ACCController_V17', FMUIn.Radar.Obj4.ObjID: No such source quantity 'Sensor.Radar.Vhcl.VehSensor_MRR.Obj4.ObjId'
ERROR		FMU 'CM_ACCController_V17', FMUIn.Radar.Obj4.DistX: No such source quantity 'Sensor.Radar.Vhcl.VehSensor_MRR.Obj4.DistX'
ERROR		FMU 'CM_ACCController_V17', FMUIn.Radar.Obj4.DistY: No such source quantity 'Sensor.Radar.Vhcl.VehSensor_MRR.Obj4.DistY'
ERROR		FMU 'CM_ACCController_V17', FMUIn.Radar.Obj4.VrelX: No such source quantity 'Sensor.Radar.Vhcl.VehSensor_MRR.Obj4.VrelX'
ERROR		FMU 'CM_ACCController_V17', FMUIn.Radar.Obj4.ProbExist: No such source quantity 'Sensor.Radar.Vhcl.VehSensor_MRR.Obj4.ProbExist'
ERROR		FMU 'CM_ACCController_V17', FMUIn.Radar.Obj4.DynProp: No such source quantity 'Sensor.Radar.Vhcl.VehSensor_MRR.Obj4.DynProp'
ERROR		FMU 'CM_ACCController_V17', FMUIn.Radar.Obj5.MeasStat: No such source quantity 'Sensor.Radar.Vhcl.VehSensor_MRR.Obj5.MeasStat'
ERROR		FMU 'CM_ACCController_V17', FMUIn.Radar.Obj5.ObjID: No such source quantity 'Sensor.Radar.Vhcl.VehSensor_MRR.Obj5.ObjId'
ERROR		FMU 'CM_ACCController_V17', FMUIn.Radar.Obj5.DistX: No such source quantity 'Sensor.Radar.Vhcl.VehSensor_MRR.Obj5.DistX'
ERROR		FMU 'CM_ACCController_V17', FMUIn.Radar.Obj5.DistY: No such source quantity 'Sensor.Radar.Vhcl.VehSensor_MRR.Obj5.DistY'
ERROR		FMU 'CM_ACCController_V17', FMUIn.Radar.Obj5.VrelX: No such source quantity 'Sensor.Radar.Vhcl.VehSensor_MRR.Obj5.VrelX'
ERROR		FMU 'CM_ACCController_V17', FMUIn.Radar.Obj5.ProbExist: No such source quantity 'Sensor.Radar.Vhcl.VehSensor_MRR.Obj5.ProbExist'
ERROR		FMU 'CM_ACCController_V17', FMUIn.Radar.Obj5.DynProp: No such source quantity 'Sensor.Radar.Vhcl.VehSensor_MRR.Obj5.DynProp'
ERROR		FMU 'CM_ACCController_V17', DDict.AccelCtrl.ACC.DesiredAx: No such destination quantity
ERROR		FMU 'CM_ACCController_V17', DDict.AccelCtrl.ACC.DesiredDist: No such destination quantity
ERROR		FMU 'CM_ACCController_V17', DDict.AccelCtrl.ACC.DesiredSpd: No such destination quantity
ERROR		FMU 'CM_ACCController_V17', DDict.AccelCtrl.ACC.DesiredTGap: No such destination quantity
ERROR		FMU 'CM_ACCController_V17', DDict.AccelCtrl.ACC.IsActive: No such destination quantity
ERROR		FMU 'CM_ACCController_V17', DDict.AccelCtrl.ACC.Time2Collision: No such destination quantity
ERROR		FMU 'CM_ACCController_V17', DDict.AccelCtrl.DesiredAx: No such destination quantity
SIM_START	OSC_Imported/longitudinal_feature/ACC/acc_csc_002	2026-06-29 17:30:14
TIME	0.346
WARNING		FMU: Sending all FMU log output to file 'FMU_20260629-173014.log'
TIME	0.003
		Road Sensor: evaluation of route/path disabled (works only on route)
WARNING		FMU 'CM_ACCController_V17': Debug logging enabled
		Current random seed value = 1782729014
ERROR		TestManagerCmds: unknown var "Debug.EffectiveTimeGap"
ERROR		TestManagerCmds: unknown var "Debug.Target.DistX"
ERROR		TestManagerCmds: unknown var "Debug.SafeDistance"
ERROR		TestManagerCmds: unknown var "Debug.Target.DistX"
ERROR		TestManagerCmds: unknown var "Debug.Target.DistX"
SIM_ABORT	OSC_Imported/longitudinal_feature/ACC/acc_csc_002	0s	0m
ERROR		FMU 'CM_ACCController_V17', FMUIn.Camera.nObj: No such source quantity 'Sensor.Camera.Vhcl.VehSensor_FCAM.nObj'
ERROR		FMU 'CM_ACCController_V17', FMUIn.Camera.Obj0.ObjID: No such source quantity 'Sensor.Camera.Vhcl.VehSensor_FCAM.Obj.0.ObjID'
ERROR		FMU 'CM_ACCController_V17', FMUIn.Camera.Obj0.Type: No such source quantity 'Sensor.Camera.Vhcl.VehSensor_FCAM.Obj.0.Type'
ERROR		FMU 'CM_ACCController_V17', FMUIn.Camera.Obj0.Confidence: No such source quantity 'Sensor.Camera.Vhcl.VehSensor_FCAM.Obj.0.Confidence'
ERROR		FMU 'CM_ACCController_V17', FMUIn.Camera.Obj0.Facing: No such source quantity 'Sensor.Camera.Vhcl.VehSensor_FCAM.Obj.0.Facing'
ERROR		FMU 'CM_ACCController_V17', FMUIn.Camera.Obj0.MBR.BL_X: No such source quantity 'Sensor.Camera.Vhcl.VehSensor_FCAM.Obj.0.MBR.BL_X'
ERROR		FMU 'CM_ACCController_V17', FMUIn.Camera.Obj0.MBR.BL_Y: No such source quantity 'Sensor.Camera.Vhcl.VehSensor_FCAM.Obj.0.MBR.BL_Y'
ERROR		FMU 'CM_ACCController_V17', FMUIn.Camera.Obj0.MBR.BL_Z: No such source quantity 'Sensor.Camera.Vhcl.VehSensor_FCAM.Obj.0.MBR.BL_Z'
ERROR		FMU 'CM_ACCController_V17', FMUIn.Camera.Obj0.MBR.TR_X: No such source quantity 'Sensor.Camera.Vhcl.VehSensor_FCAM.Obj.0.MBR.TR_X'
ERROR		FMU 'CM_ACCController_V17', FMUIn.Camera.Obj0.MBR.TR_Y: No such source quantity 'Sensor.Camera.Vhcl.VehSensor_FCAM.Obj.0.MBR.TR_Y'
ERROR		FMU 'CM_ACCController_V17', FMUIn.Camera.Obj0.MBR.TR_Z: No such source quantity 'Sensor.Camera.Vhcl.VehSensor_FCAM.Obj.0.MBR.TR_Z'
ERROR		FMU 'CM_ACCController_V17', FMUIn.Camera.Obj1.ObjID: No such source quantity 'Sensor.Camera.Vhcl.VehSensor_FCAM.Obj.1.ObjID'
ERROR		FMU 'CM_ACCController_V17', FMUIn.Camera.Obj1.Type: No such source quantity 'Sensor.Camera.Vhcl.VehSensor_FCAM.Obj.1.Type'
ERROR		FMU 'CM_ACCController_V17', FMUIn.Camera.Obj1.Confidence: No such source quantity 'Sensor.Camera.Vhcl.VehSensor_FCAM.Obj.1.Confidence'
ERROR		FMU 'CM_ACCController_V17', FMUIn.Camera.Obj1.Facing: No such source quantity 'Sensor.Camera.Vhcl.VehSensor_FCAM.Obj.1.Facing'
ERROR		FMU 'CM_ACCController_V17', FMUIn.Camera.Obj1.MBR.BL_X: No such source quantity 'Sensor.Camera.Vhcl.VehSensor_FCAM.Obj.1.MBR.BL_X'
ERROR		FMU 'CM_ACCController_V17', FMUIn.Camera.Obj1.MBR.BL_Y: No such source quantity 'Sensor.Camera.Vhcl.VehSensor_FCAM.Obj.1.MBR.BL_Y'
ERROR		FMU 'CM_ACCController_V17', FMUIn.Camera.Obj1.MBR.BL_Z: No such source quantity 'Sensor.Camera.Vhcl.VehSensor_FCAM.Obj.1.MBR.BL_Z'
ERROR		FMU 'CM_ACCController_V17', FMUIn.Camera.Obj1.MBR.TR_X: No such source quantity 'Sensor.Camera.Vhcl.VehSensor_FCAM.Obj.1.MBR.TR_X'
ERROR		FMU 'CM_ACCController_V17', FMUIn.Camera.Obj1.MBR.TR_Y: No such source quantity 'Sensor.Camera.Vhcl.VehSensor_FCAM.Obj.1.MBR.TR_Y'
ERROR		FMU 'CM_ACCController_V17', FMUIn.Camera.Obj1.MBR.TR_Z: No such source quantity 'Sensor.Camera.Vhcl.VehSensor_FCAM.Obj.1.MBR.TR_Z'
ERROR		FMU 'CM_ACCController_V17', FMUIn.Camera.Obj2.ObjID: No such source quantity 'Sensor.Camera.Vhcl.VehSensor_FCAM.Obj.2.ObjID'
ERROR		FMU 'CM_ACCController_V17', FMUIn.Camera.Obj2.Type: No such source quantity 'Sensor.Camera.Vhcl.VehSensor_FCAM.Obj.2.Type'
ERROR		FMU 'CM_ACCController_V17', FMUIn.Camera.Obj2.Confidence: No such source quantity 'Sensor.Camera.Vhcl.VehSensor_FCAM.Obj.2.Confidence'
ERROR		FMU 'CM_ACCController_V17', FMUIn.Camera.Obj2.Facing: No such source quantity 'Sensor.Camera.Vhcl.VehSensor_FCAM.Obj.2.Facing'
ERROR		FMU 'CM_ACCController_V17', FMUIn.Camera.Obj2.MBR.BL_X: No such source quantity 'Sensor.Camera.Vhcl.VehSensor_FCAM.Obj.2.MBR.BL_X'
ERROR		FMU 'CM_ACCController_V17', FMUIn.Camera.Obj2.MBR.BL_Y: No such source quantity 'Sensor.Camera.Vhcl.VehSensor_FCAM.Obj.2.MBR.BL_Y'
ERROR		FMU 'CM_ACCController_V17', FMUIn.Camera.Obj2.MBR.BL_Z: No such source quantity 'Sensor.Camera.Vhcl.VehSensor_FCAM.Obj.2.MBR.BL_Z'
ERROR		FMU 'CM_ACCController_V17', FMUIn.Camera.Obj2.MBR.TR_X: No such source quantity 'Sensor.Camera.Vhcl.VehSensor_FCAM.Obj.2.MBR.TR_X'
ERROR		FMU 'CM_ACCController_V17', FMUIn.Camera.Obj2.MBR.TR_Y: No such source quantity 'Sensor.Camera.Vhcl.VehSensor_FCAM.Obj.2.MBR.TR_Y'
ERROR		FMU 'CM_ACCController_V17', FMUIn.Camera.Obj2.MBR.TR_Z: No such source quantity 'Sensor.Camera.Vhcl.VehSensor_FCAM.Obj.2.MBR.TR_Z'
ERROR		FMU 'CM_ACCController_V17', FMUIn.Camera.Obj3.ObjID: No such source quantity 'Sensor.Camera.Vhcl.VehSensor_FCAM.Obj.3.ObjID'
ERROR		FMU 'CM_ACCController_V17', FMUIn.Camera.Obj3.Type: No such source quantity 'Sensor.Camera.Vhcl.VehSensor_FCAM.Obj.3.Type'
ERROR		FMU 'CM_ACCController_V17', FMUIn.Camera.Obj3.Confidence: No such source quantity 'Sensor.Camera.Vhcl.VehSensor_FCAM.Obj.3.Confidence'
ERROR		FMU 'CM_ACCController_V17', FMUIn.Camera.Obj3.Facing: No such source quantity 'Sensor.Camera.Vhcl.VehSensor_FCAM.Obj.3.Facing'
ERROR		FMU 'CM_ACCController_V17', FMUIn.Camera.Obj3.MBR.BL_X: No such source quantity 'Sensor.Camera.Vhcl.VehSensor_FCAM.Obj.3.MBR.BL_X'
ERROR		FMU 'CM_ACCController_V17', FMUIn.Camera.Obj3.MBR.BL_Y: No such source quantity 'Sensor.Camera.Vhcl.VehSensor_FCAM.Obj.3.MBR.BL_Y'
ERROR		FMU 'CM_ACCController_V17', FMUIn.Camera.Obj3.MBR.BL_Z: No such source quantity 'Sensor.Camera.Vhcl.VehSensor_FCAM.Obj.3.MBR.BL_Z'
ERROR		FMU 'CM_ACCController_V17', FMUIn.Camera.Obj3.MBR.TR_X: No such source quantity 'Sensor.Camera.Vhcl.VehSensor_FCAM.Obj.3.MBR.TR_X'
ERROR		FMU 'CM_ACCController_V17', FMUIn.Camera.Obj3.MBR.TR_Y: No such source quantity 'Sensor.Camera.Vhcl.VehSensor_FCAM.Obj.3.MBR.TR_Y'
ERROR		FMU 'CM_ACCController_V17', FMUIn.Camera.Obj3.MBR.TR_Z: No such source quantity 'Sensor.Camera.Vhcl.VehSensor_FCAM.Obj.3.MBR.TR_Z'
ERROR		FMU 'CM_ACCController_V17', FMUIn.Camera.Obj4.ObjID: No such source quantity 'Sensor.Camera.Vhcl.VehSensor_FCAM.Obj.4.ObjID'
ERROR		FMU 'CM_ACCController_V17', FMUIn.Camera.Obj4.Type: No such source quantity 'Sensor.Camera.Vhcl.VehSensor_FCAM.Obj.4.Type'
ERROR		FMU 'CM_ACCController_V17', FMUIn.Camera.Obj4.Confidence: No such source quantity 'Sensor.Camera.Vhcl.VehSensor_FCAM.Obj.4.Confidence'
ERROR		FMU 'CM_ACCController_V17', FMUIn.Camera.Obj4.Facing: No such source quantity 'Sensor.Camera.Vhcl.VehSensor_FCAM.Obj.4.Facing'
ERROR		FMU 'CM_ACCController_V17', FMUIn.Camera.Obj4.MBR.BL_X: No such source quantity 'Sensor.Camera.Vhcl.VehSensor_FCAM.Obj.4.MBR.BL_X'
ERROR		FMU 'CM_ACCController_V17', FMUIn.Camera.Obj4.MBR.BL_Y: No such source quantity 'Sensor.Camera.Vhcl.VehSensor_FCAM.Obj.4.MBR.BL_Y'
ERROR		FMU 'CM_ACCController_V17', FMUIn.Camera.Obj4.MBR.BL_Z: No such source quantity 'Sensor.Camera.Vhcl.VehSensor_FCAM.Obj.4.MBR.BL_Z'
ERROR		FMU 'CM_ACCController_V17', FMUIn.Camera.Obj4.MBR.TR_X: No such source quantity 'Sensor.Camera.Vhcl.VehSensor_FCAM.Obj.4.MBR.TR_X'
ERROR		FMU 'CM_ACCController_V17', FMUIn.Camera.Obj4.MBR.TR_Y: No such source quantity 'Sensor.Camera.Vhcl.VehSensor_FCAM.Obj.4.MBR.TR_Y'
ERROR		FMU 'CM_ACCController_V17', FMUIn.Camera.Obj4.MBR.TR_Z: No such source quantity 'Sensor.Camera.Vhcl.VehSensor_FCAM.Obj.4.MBR.TR_Z'
ERROR		FMU 'CM_ACCController_V17', FMUIn.Camera.Obj5.ObjID: No such source quantity 'Sensor.Camera.Vhcl.VehSensor_FCAM.Obj.5.ObjID'
ERROR		FMU 'CM_ACCController_V17', FMUIn.Camera.Obj5.Type: No such source quantity 'Sensor.Camera.Vhcl.VehSensor_FCAM.Obj.5.Type'
ERROR		FMU 'CM_ACCController_V17', FMUIn.Camera.Obj5.Confidence: No such source quantity 'Sensor.Camera.Vhcl.VehSensor_FCAM.Obj.5.Confidence'
ERROR		FMU 'CM_ACCController_V17', FMUIn.Camera.Obj5.Facing: No such source quantity 'Sensor.Camera.Vhcl.VehSensor_FCAM.Obj.5.Facing'
ERROR		FMU 'CM_ACCController_V17', FMUIn.Camera.Obj5.MBR.BL_X: No such source quantity 'Sensor.Camera.Vhcl.VehSensor_FCAM.Obj.5.MBR.BL_X'
ERROR		FMU 'CM_ACCController_V17', FMUIn.Camera.Obj5.MBR.BL_Y: No such source quantity 'Sensor.Camera.Vhcl.VehSensor_FCAM.Obj.5.MBR.BL_Y'
ERROR		FMU 'CM_ACCController_V17', FMUIn.Camera.Obj5.MBR.BL_Z: No such source quantity 'Sensor.Camera.Vhcl.VehSensor_FCAM.Obj.5.MBR.BL_Z'
ERROR		FMU 'CM_ACCController_V17', FMUIn.Camera.Obj5.MBR.TR_X: No such source quantity 'Sensor.Camera.Vhcl.VehSensor_FCAM.Obj.5.MBR.TR_X'
ERROR		FMU 'CM_ACCController_V17', FMUIn.Camera.Obj5.MBR.TR_Y: No such source quantity 'Sensor.Camera.Vhcl.VehSensor_FCAM.Obj.5.MBR.TR_Y'
ERROR		FMU 'CM_ACCController_V17', FMUIn.Camera.Obj5.MBR.TR_Z: No such source quantity 'Sensor.Camera.Vhcl.VehSensor_FCAM.Obj.5.MBR.TR_Z'
ERROR		FMU 'CM_ACCController_V17', FMUIn.Radar.Obj0.MeasStat: No such source quantity 'Sensor.Radar.Vhcl.VehSensor_MRR.Obj0.MeasStat'
ERROR		FMU 'CM_ACCController_V17', FMUIn.Radar.Obj0.ObjID: No such source quantity 'Sensor.Radar.Vhcl.VehSensor_MRR.Obj0.ObjId'
ERROR		FMU 'CM_ACCController_V17', FMUIn.Radar.Obj0.DistX: No such source quantity 'Sensor.Radar.Vhcl.VehSensor_MRR.Obj0.DistX'
ERROR		FMU 'CM_ACCController_V17', FMUIn.Radar.Obj0.DistY: No such source quantity 'Sensor.Radar.Vhcl.VehSensor_MRR.Obj0.DistY'
ERROR		FMU 'CM_ACCController_V17', FMUIn.Radar.Obj0.VrelX: No such source quantity 'Sensor.Radar.Vhcl.VehSensor_MRR.Obj0.VrelX'
ERROR		FMU 'CM_ACCController_V17', FMUIn.Radar.Obj0.ProbExist: No such source quantity 'Sensor.Radar.Vhcl.VehSensor_MRR.Obj0.ProbExist'
ERROR		FMU 'CM_ACCController_V17', FMUIn.Radar.Obj0.DynProp: No such source quantity 'Sensor.Radar.Vhcl.VehSensor_MRR.Obj0.DynProp'
ERROR		FMU 'CM_ACCController_V17', FMUIn.Radar.Obj1.MeasStat: No such source quantity 'Sensor.Radar.Vhcl.VehSensor_MRR.Obj1.MeasStat'
ERROR		FMU 'CM_ACCController_V17', FMUIn.Radar.Obj1.ObjID: No such source quantity 'Sensor.Radar.Vhcl.VehSensor_MRR.Obj1.ObjId'
ERROR		FMU 'CM_ACCController_V17', FMUIn.Radar.Obj1.DistX: No such source quantity 'Sensor.Radar.Vhcl.VehSensor_MRR.Obj1.DistX'
ERROR		FMU 'CM_ACCController_V17', FMUIn.Radar.Obj1.DistY: No such source quantity 'Sensor.Radar.Vhcl.VehSensor_MRR.Obj1.DistY'
ERROR		FMU 'CM_ACCController_V17', FMUIn.Radar.Obj1.VrelX: No such source quantity 'Sensor.Radar.Vhcl.VehSensor_MRR.Obj1.VrelX'
ERROR		FMU 'CM_ACCController_V17', FMUIn.Radar.Obj1.ProbExist: No such source quantity 'Sensor.Radar.Vhcl.VehSensor_MRR.Obj1.ProbExist'
ERROR		FMU 'CM_ACCController_V17', FMUIn.Radar.Obj1.DynProp: No such source quantity 'Sensor.Radar.Vhcl.VehSensor_MRR.Obj1.DynProp'
ERROR		FMU 'CM_ACCController_V17', FMUIn.Radar.Obj2.MeasStat: No such source quantity 'Sensor.Radar.Vhcl.VehSensor_MRR.Obj2.MeasStat'
ERROR		FMU 'CM_ACCController_V17', FMUIn.Radar.Obj2.ObjID: No such source quantity 'Sensor.Radar.Vhcl.VehSensor_MRR.Obj2.ObjId'
ERROR		FMU 'CM_ACCController_V17', FMUIn.Radar.Obj2.DistX: No such source quantity 'Sensor.Radar.Vhcl.VehSensor_MRR.Obj2.DistX'
ERROR		FMU 'CM_ACCController_V17', FMUIn.Radar.Obj2.DistY: No such source quantity 'Sensor.Radar.Vhcl.VehSensor_MRR.Obj2.DistY'
ERROR		FMU 'CM_ACCController_V17', FMUIn.Radar.Obj2.VrelX: No such source quantity 'Sensor.Radar.Vhcl.VehSensor_MRR.Obj2.VrelX'
ERROR		FMU 'CM_ACCController_V17', FMUIn.Radar.Obj2.ProbExist: No such source quantity 'Sensor.Radar.Vhcl.VehSensor_MRR.Obj2.ProbExist'
ERROR		FMU 'CM_ACCController_V17', FMUIn.Radar.Obj2.DynProp: No such source quantity 'Sensor.Radar.Vhcl.VehSensor_MRR.Obj2.DynProp'
ERROR		FMU 'CM_ACCController_V17', FMUIn.Radar.Obj3.MeasStat: No such source quantity 'Sensor.Radar.Vhcl.VehSensor_MRR.Obj3.MeasStat'
ERROR		FMU 'CM_ACCController_V17', FMUIn.Radar.Obj3.ObjID: No such source quantity 'Sensor.Radar.Vhcl.VehSensor_MRR.Obj3.ObjId'
ERROR		FMU 'CM_ACCController_V17', FMUIn.Radar.Obj3.DistX: No such source quantity 'Sensor.Radar.Vhcl.VehSensor_MRR.Obj3.DistX'
ERROR		FMU 'CM_ACCController_V17', FMUIn.Radar.Obj3.DistY: No such source quantity 'Sensor.Radar.Vhcl.VehSensor_MRR.Obj3.DistY'
ERROR		FMU 'CM_ACCController_V17', FMUIn.Radar.Obj3.VrelX: No such source quantity 'Sensor.Radar.Vhcl.VehSensor_MRR.Obj3.VrelX'
ERROR		FMU 'CM_ACCController_V17', FMUIn.Radar.Obj3.ProbExist: No such source quantity 'Sensor.Radar.Vhcl.VehSensor_MRR.Obj3.ProbExist'
ERROR		FMU 'CM_ACCController_V17', FMUIn.Radar.Obj3.DynProp: No such source quantity 'Sensor.Radar.Vhcl.VehSensor_MRR.Obj3.DynProp'
ERROR		FMU 'CM_ACCController_V17', FMUIn.Radar.Obj4.MeasStat: No such source quantity 'Sensor.Radar.Vhcl.VehSensor_MRR.Obj4.MeasStat'
ERROR		FMU 'CM_ACCController_V17', FMUIn.Radar.Obj4.ObjID: No such source quantity 'Sensor.Radar.Vhcl.VehSensor_MRR.Obj4.ObjId'
ERROR		FMU 'CM_ACCController_V17', FMUIn.Radar.Obj4.DistX: No such source quantity 'Sensor.Radar.Vhcl.VehSensor_MRR.Obj4.DistX'
ERROR		FMU 'CM_ACCController_V17', FMUIn.Radar.Obj4.DistY: No such source quantity 'Sensor.Radar.Vhcl.VehSensor_MRR.Obj4.DistY'
ERROR		FMU 'CM_ACCController_V17', FMUIn.Radar.Obj4.VrelX: No such source quantity 'Sensor.Radar.Vhcl.VehSensor_MRR.Obj4.VrelX'
ERROR		FMU 'CM_ACCController_V17', FMUIn.Radar.Obj4.ProbExist: No such source quantity 'Sensor.Radar.Vhcl.VehSensor_MRR.Obj4.ProbExist'
ERROR		FMU 'CM_ACCController_V17', FMUIn.Radar.Obj4.DynProp: No such source quantity 'Sensor.Radar.Vhcl.VehSensor_MRR.Obj4.DynProp'
ERROR		FMU 'CM_ACCController_V17', FMUIn.Radar.Obj5.MeasStat: No such source quantity 'Sensor.Radar.Vhcl.VehSensor_MRR.Obj5.MeasStat'
ERROR		FMU 'CM_ACCController_V17', FMUIn.Radar.Obj5.ObjID: No such source quantity 'Sensor.Radar.Vhcl.VehSensor_MRR.Obj5.ObjId'
ERROR		FMU 'CM_ACCController_V17', FMUIn.Radar.Obj5.DistX: No such source quantity 'Sensor.Radar.Vhcl.VehSensor_MRR.Obj5.DistX'
ERROR		FMU 'CM_ACCController_V17', FMUIn.Radar.Obj5.DistY: No such source quantity 'Sensor.Radar.Vhcl.VehSensor_MRR.Obj5.DistY'
ERROR		FMU 'CM_ACCController_V17', FMUIn.Radar.Obj5.VrelX: No such source quantity 'Sensor.Radar.Vhcl.VehSensor_MRR.Obj5.VrelX'
ERROR		FMU 'CM_ACCController_V17', FMUIn.Radar.Obj5.ProbExist: No such source quantity 'Sensor.Radar.Vhcl.VehSensor_MRR.Obj5.ProbExist'
ERROR		FMU 'CM_ACCController_V17', FMUIn.Radar.Obj5.DynProp: No such source quantity 'Sensor.Radar.Vhcl.VehSensor_MRR.Obj5.DynProp'
ERROR		FMU 'CM_ACCController_V17', DDict.AccelCtrl.ACC.DesiredAx: No such destination quantity
ERROR		FMU 'CM_ACCController_V17', DDict.AccelCtrl.ACC.DesiredDist: No such destination quantity
ERROR		FMU 'CM_ACCController_V17', DDict.AccelCtrl.ACC.DesiredSpd: No such destination quantity
ERROR		FMU 'CM_ACCController_V17', DDict.AccelCtrl.ACC.DesiredTGap: No such destination quantity
ERROR		FMU 'CM_ACCController_V17', DDict.AccelCtrl.ACC.IsActive: No such destination quantity
ERROR		FMU 'CM_ACCController_V17', DDict.AccelCtrl.ACC.Time2Collision: No such destination quantity
ERROR		FMU 'CM_ACCController_V17', DDict.AccelCtrl.DesiredAx: No such destination quantity
TIME	7.265
SIM_START	OSC_Imported/longitudinal_feature/ACC/acc_csc_001	2026-06-29 17:31:27
TIME	7.265
WARNING		FMU: Sending all FMU log output to file 'FMU_20260629-173127.log'
TIME	0.010
		Road Sensor: evaluation of route/path disabled (works only on route)
WARNING		FMU 'CM_ACCController_V17': Debug logging enabled
		Current random seed value = 1782729087
ERROR		TestManagerCmds: unknown var "Debug.EffectiveTimeGap"
ERROR		TestManagerCmds: unknown var "Debug.Target.DistX"
ERROR		TestManagerCmds: unknown var "Debug.SafeDistance"
ERROR		TestManagerCmds: unknown var "Debug.Target.DistX"
ERROR		TestManagerCmds: unknown var "Debug.Target.DistX"
SIM_ABORT	OSC_Imported/longitudinal_feature/ACC/acc_csc_001	0s	0m
SIM_START	OSC_Imported/longitudinal_feature/ACC/acc_csc_001	2026-06-29 17:31:30
TIME	0.331
WARNING		FMU: Sending all FMU log output to file 'FMU_20260629-173130.log'
TIME	0.007
		Road Sensor: evaluation of route/path disabled (works only on route)
WARNING		FMU 'CM_ACCController_V17': Debug logging enabled
		Current random seed value = 1782729090
ERROR		TestManagerCmds: unknown var "Debug.EffectiveTimeGap"
ERROR		TestManagerCmds: unknown var "Debug.Target.DistX"
ERROR		TestManagerCmds: unknown var "Debug.SafeDistance"
ERROR		TestManagerCmds: unknown var "Debug.Target.DistX"
ERROR		TestManagerCmds: unknown var "Debug.Target.DistX"
SIM_ABORT	OSC_Imported/longitudinal_feature/ACC/acc_csc_001	0s	0m
SIM_START	OSC_Imported/longitudinal_feature/ACC/acc_csc_001	2026-06-29 17:31:33
TIME	0.301
WARNING		FMU: Sending all FMU log output to file 'FMU_20260629-173133.log'
TIME	0.007
		Road Sensor: evaluation of route/path disabled (works only on route)
WARNING		FMU 'CM_ACCController_V17': Debug logging enabled
		Current random seed value = 1782729093
ERROR		TestManagerCmds: unknown var "Debug.EffectiveTimeGap"
ERROR		TestManagerCmds: unknown var "Debug.Target.DistX"
ERROR		TestManagerCmds: unknown var "Debug.SafeDistance"
ERROR		TestManagerCmds: unknown var "Debug.Target.DistX"
ERROR		TestManagerCmds: unknown var "Debug.Target.DistX"
SIM_ABORT	OSC_Imported/longitudinal_feature/ACC/acc_csc_001	0s	0m
SIM_START	OSC_Imported/longitudinal_feature/ACC/acc_csc_001	2026-06-29 17:31:36
TIME	0.271
WARNING		FMU: Sending all FMU log output to file 'FMU_20260629-173136.log'
TIME	0.007
		Road Sensor: evaluation of route/path disabled (works only on route)
WARNING		FMU 'CM_ACCController_V17': Debug logging enabled
		Current random seed value = 1782729096
ERROR		TestManagerCmds: unknown var "Debug.EffectiveTimeGap"
ERROR		TestManagerCmds: unknown var "Debug.Target.DistX"
ERROR		TestManagerCmds: unknown var "Debug.SafeDistance"
ERROR		TestManagerCmds: unknown var "Debug.Target.DistX"
ERROR		TestManagerCmds: unknown var "Debug.Target.DistX"
SIM_ABORT	OSC_Imported/longitudinal_feature/ACC/acc_csc_001	0s	0m
TIME	19.539
SHUTDOWN	CarMaker quick shutdown initiated

